0,0,0,0,0,0,0,0,0,0,0,0,0,0,0,0,0,0,0,0,0,0,0,0,0,0,0,0,0,0,0,0,0,0,0,0,0,0,0,0,0,0,0,0,0,0,0,0,0,0,0,0,0,0,0,0,0,0,0,0,0,0,0,0,0,0,0,0,0,0,0,0,0,0,0,0,0,0,0,0,0,0,0,0,0,0,0,0,0,0,0,0,0,0,0,0,0,0,0,0,0,0,0,0,0,0,0,0,0,0,0,0,0,0,0,0,0,0,0,0,0,0,0,0,0,0,0,0,0,0,0,0,0,0,0,0,0,0,0,0,0,0,0,0,0,0,0,0,0,0,0,0,0,0,0,0,0,0,0,0,0,0,0,0,0,0,0,0,0,0,0,0,0,0,0,0,0,0,0,0,0,0,0,0,0,0,0,0,0,0,0,0,0,0,0,0,0,0,0,0,0,0,0,0,0,0,0,0,0,0,0,0,0,0,0,0,0,0,0,0,0,0,0,0,0,0,0,0,0,0,0,0,0,0,0,0,0,0,0,0,0,0,0,0,0,0,0,0,0,0,0,0,0,0,0,0,0,0,0,0,0,0,0,0,0,0,0,0,0,0,0,0,0,0,0,0,0,0,0,0,0,0,0,0,0,0,0,0,0,0,0,0,0,0,0,0,0,0,0,0,0,0,0,0
0,0,0,0,0,0,0,0,0,0,0,0,0,0,0,0,0,0,0,0,0,0,0,0,0,0,0,0,0,0,0,0,0,0,0,0,0,0,0,0,0,0,0,0,0,0,0,0,0,0,0,0,0,0,0,0,0,0,0,0,0,0,0,0,0,0,0,0,0,0,0,0,0,0,0,0,0,0,0,0,0,0,0,0,0,0,0,0,0,0,0,0,0,0,0,0,0,0,0,0,0,0,0,0,0,0,0,0,0,0,0,0,0,0,0,0,0,0,0,0,0,0,0,0,0,0,0,0,0,0,0,0,0,0,0,0,0,0,0,0,0,0,0,0,0,0,0,0,0,0,0,0,0,0,0,0,0,0,0,0,0,0,0,0,0,0,0,0,0,0,0,0,0,0,0,0,0,0,0,0,0,0,0,0,0,0,0,0,0,0,0,0,0,0,0,0,0,0,0,0,0,0,0,0,0,0,0,0,0,0,0,0,0,0,0,0,0,0,0,0,0,0,0,0,0,0,0,0,0,0,0,0,0,0,0,0,0,0,0,0,0,0,0,0,0,0,0,0,0,0,0,0,0,0,0,0,0,0,0,0,0,0,0,0,0,0,0,0,0,0,0,0,0,0,0,0,0,0,0,0,0,0,0,0,0,0,0,0,0,0,0,0,0,0,0,0,0,0,0,0,0,0,0,0
0,0,0,0,0,0,0,0,0,0,0,0,0,0,0,0,0,0,0,0,0,0,0,0,0,0,0,0,0,0,0,0,0,0,0,0,0,0,0,0,0,0,0,0,0,0,0,0,0,0,0,0,0,0,0,0,0,0,0,0,0,0,0,0,0,0,0,0,0,0,0,0,0,0,0,0,0,0,0,0,0,0,0,0,0,0,0,0,0,0,0,0,0,0,0,0,0,0,0,0,0,0,0,0,0,0,0,0,0,0,0,0,0,0,0,0,0,0,0,0,0,0,0,0,0,0,0,0,0,0,0,0,0,0,0,0,0,0,0,0,0,0,0,0,0,0,0,0,0,0,0,0,0,0,0,0,0,0,0,0,0,0,0,0,0,0,0,0,0,0,0,0,0,0,0,0,0,0,0,0,0,0,0,0,0,0,0,0,0,0,0,0,0,0,0,0,0,0,0,0,0,0,0,0,0,0,0,0,0,0,0,0,0,0,0,0,0,0,0,0,0,0,0,0,0,0,0,0,0,0,0,0,0,0,0,0,0,0,0,0,0,0,0,0,0,0,0,0,0,0,0,0,0,0,0,0,0,0,0,0,0,0,0,0,0,0,0,0,0,0,0,0,0,0,0,0,0,0,0,0,0,0,0,0,0,0,0,0,0,0,0,0,0,0,0,0,0,0,0,0,0,0,0,0
0,0,0,0,0,0,0,0,0,0,0,0,0,0,0,0,0,0,0,0,0,0,0,0,0,0,0,0,0,0,0,0,0,0,0,0,0,0,0,0,0,0,0,0,0,0,0,0,0,0,0,0,0,0,0,0,0,0,0,0,0,0,0,0,0,0,0,0,0,0,0,0,0,0,0,0,0,0,0,0,0,0,0,0,0,0,0,0,0,0,0,0,0,0,0,0,0,0,0,0,0,0,0,0,0,0,0,0,0,0,0,0,0,0,0,0,0,0,0,0,0,0,0,0,0,0,0,0,0,0,0,0,0,0,0,0,0,0,0,0,0,0,0,0,0,0,0,0,0,0,0,0,0,0,0,0,0,0,0,0,0,0,0,0,0,0,0,0,0,0,0,0,0,0,0,0,0,0,0,0,0,0,0,0,0,0,0,0,0,0,0,0,0,0,0,0,0,0,0,0,0,0,0,0,0,0,0,0,0,0,0,0,0,0,0,0,0,0,0,0,0,0,0,0,0,0,0,0,0,0,0,0,0,0,0,0,0,0,0,0,0,0,0,0,0,0,0,0,0,0,0,0,0,0,0,0,0,0,0,0,0,0,0,0,0,0,0,0,0,0,0,0,0,0,0,0,0,0,0,0,0,0,0,0,0,0,0,0,0,0,0,0,0,0,0,0,0,0,0,0,0,0,0,0
0,0,0,0,0,0,0,0,0,0,0,0,0,0,0,0,0,0,0,0,0,0,0,0,0,0,0,0,0,0,0,0,0,0,0,0,0,0,0,0,0,0,0,0,0,0,0,0,0,0,0,0,0,0,0,0,0,0,0,0,0,0,0,0,0,0,0,0,0,0,0,0,0,0,0,0,0,0,0,0,0,0,0,0,0,0,0,0,0,0,0,0,0,0,0,0,0,0,0,0,0,0,0,0,0,0,0,0,0,0,0,0,0,0,0,0,0,0,0,0,0,0,0,0,0,0,0,0,0,0,0,0,0,0,0,0,0,0,0,0,0,0,0,0,0,0,0,0,0,0,0,0,0,0,0,0,0,0,0,0,0,0,0,0,0,0,0,0,0,0,0,0,0,0,0,0,0,0,0,0,0,0,0,0,0,0,0,0,0,0,0,0,0,0,0,0,0,0,0,0,0,0,0,0,0,0,0,0,0,0,0,0,0,0,0,0,0,0,0,0,0,0,0,0,0,0,0,0,0,0,0,0,0,0,0,0,0,0,0,0,0,0,0,0,0,0,0,0,0,0,0,0,0,0,0,0,0,0,0,0,0,0,0,0,0,0,0,0,0,0,0,0,0,0,0,0,0,0,0,0,0,0,0,0,0,0,0,0,0,0,0,0,0,0,0,0,0,0,0,0,0,0,0,0
0,0,0,0,0,0,0,0,0,0,0,0,0,0,0,0,0,0,0,0,0,0,0,0,0,0,0,0,0,0,0,0,0,0,0,0,0,0,0,0,0,0,0,0,0,0,0,0,0,0,0,0,0,0,0,0,0,0,0,0,0,0,0,0,0,0,0,0,0,0,0,0,0,0,0,0,0,0,0,0,0,0,0,0,0,0,0,0,0,0,0,0,0,0,0,0,0,0,0,0,0,0,0,0,0,0,0,0,0,0,0,0,0,0,0,0,0,0,0,0,0,0,0,0,0,0,0,0,0,0,0,0,0,0,0,0,0,0,0,0,0,0,0,0,0,0,0,0,0,0,0,0,0,0,0,0,0,0,0,0,0,0,0,0,0,0,0,0,0,0,0,0,0,0,0,0,0,0,0,0,0,0,0,0,0,0,0,0,0,0,0,0,0,0,0,0,0,0,0,0,0,0,0,0,0,0,0,0,0,0,0,0,0,0,0,0,0,0,0,0,0,0,0,0,0,0,0,0,0,0,0,0,0,0,0,0,0,0,0,0,0,0,0,0,0,0,0,0,0,0,0,0,0,0,0,0,0,0,0,0,0,0,0,0,0,0,0,0,0,0,0,0,0,0,0,0,0,0,0,0,0,0,0,0,0,0,0,0,0,0,0,0,0,0,0,0,0,0,0,0,0,0,0,0
0,0,0,0,0,0,0,0,0,0,0,0,0,0,0,0,0,0,0,0,0,0,0,0,0,0,0,0,0,0,0,0,0,0,0,0,0,0,0,0,0,0,0,0,0,0,0,0,0,0,0,0,0,0,0,0,0,0,0,0,0,0,0,0,0,0,0,0,0,0,0,0,0,0,0,0,0,0,0,0,0,0,0,0,0,0,0,0,0,0,0,0,0,0,0,0,0,0,0,0,0,0,0,0,0,0,0,0,0,0,0,0,0,0,0,0,0,0,0,0,0,0,0,0,0,0,0,0,0,0,0,0,0,0,0,0,0,0,0,0,0,0,0,0,0,0,0,0,0,0,0,0,0,0,0,0,0,0,0,0,0,0,0,0,0,0,0,0,0,0,0,0,0,0,0,0,0,0,0,0,0,0,0,0,0,0,0,0,0,0,0,0,0,0,0,0,0,0,0,0,0,0,0,0,0,0,0,0,0,0,0,0,0,0,0,0,0,0,0,0,0,0,0,0,0,0,0,0,0,0,0,0,0,0,0,0,0,0,0,0,0,0,0,0,0,0,0,0,0,0,0,0,0,0,0,0,0,0,0,0,0,0,0,0,0,0,0,0,0,0,0,0,0,0,0,0,0,0,0,0,0,0,0,0,0,0,0,0,0,0,0,0,0,0,0,0,0,0,0,0,0,0,0,0
0,0,0,0,0,0,0,0,0,0,0,0,0,0,0,0,0,0,0,0,0,0,0,0,0,0,0,0,0,0,0,0,0,0,0,0,0,0,0,0,0,0,0,0,0,0,0,0,0,0,0,0,0,0,0,0,0,0,0,0,0,0,0,0,0,0,0,0,0,0,0,0,0,0,0,0,0,0,0,0,0,0,0,0,0,0,0,0,0,0,0,0,0,0,0,0,0,0,0,0,0,0,0,0,0,0,0,0,0,0,0,0,0,0,0,0,0,0,0,0,0,0,0,0,0,0,0,0,0,0,0,0,0,0,0,0,0,0,0,0,0,0,0,0,0,0,0,0,0,0,0,0,0,0,0,0,0,0,0,0,0,0,0,0,0,0,0,0,0,0,0,0,0,0,0,0,0,0,0,0,0,0,0,0,0,0,0,0,0,0,0,0,0,0,0,0,0,0,0,0,0,0,0,0,0,0,0,0,0,0,0,0,0,0,0,0,0,0,0,0,0,0,0,0,0,0,0,0,0,0,0,0,0,0,0,0,0,0,0,0,0,0,0,0,0,0,0,0,0,0,0,0,0,0,0,0,0,0,0,0,0,0,0,0,0,0,0,0,0,0,0,0,0,0,0,0,0,0,0,0,0,0,0,0,0,0,0,0,0,0,0,0,0,0,0,0,0,0,0,0,0,0,0,0
0,0,0,0,0,0,0,0,0,0,0,0,0,0,0,0,0,0,0,0,0,0,0,0,0,0,0,0,0,0,0,0,0,0,0,0,0,0,0,0,0,0,0,0,0,0,0,0,0,0,0,0,0,0,0,0,0,0,0,0,0,0,0,0,0,0,0,0,0,0,0,0,0,0,0,0,0,0,0,0,0,0,0,0,0,0,0,0,0,0,0,0,0,0,0,0,0,0,0,0,0,0,0,0,0,0,0,0,0,0,0,0,0,0,0,0,0,0,0,0,0,0,0,0,0,0,0,0,0,0,0,0,0,0,0,0,0,0,0,0,0,0,0,0,0,0,0,0,0,0,0,0,0,0,0,0,0,0,0,0,0,0,0,0,0,0,0,0,0,0,0,0,0,0,0,0,0,0,0,0,0,0,0,0,0,0,0,0,0,0,0,0,0,0,0,0,0,0,0,0,0,0,0,0,0,0,0,0,0,0,0,0,0,0,0,0,0,0,0,0,0,0,0,0,0,0,0,0,0,0,0,0,0,0,0,0,0,0,0,0,0,0,0,0,0,0,0,0,0,0,0,0,0,0,0,0,0,0,0,0,0,0,0,0,0,0,0,0,0,0,0,0,0,0,0,0,0,0,0,0,0,0,0,0,0,0,0,0,0,0,0,0,0,0,0,0,0,0,0,0,0,0,0,0
0,0,0,0,0,0,0,0,0,0,0,0,0,0,0,0,0,0,0,0,0,0,0,0,0,0,0,0,0,0,0,0,0,0,0,0,0,0,0,0,0,0,0,0,0,0,0,0,0,0,0,0,0,0,0,0,0,0,0,0,0,0,0,0,0,0,0,0,0,0,0,0,0,0,0,0,0,0,0,0,0,0,0,0,0,0,0,0,0,0,0,0,0,0,0,0,0,0,0,0,0,0,0,0,0,0,0,0,0,0,0,0,0,0,0,0,0,0,0,0,0,0,0,0,0,0,0,0,0,0,0,0,0,0,0,0,0,0,0,0,0,0,0,0,0,0,0,0,0,0,0,0,0,0,0,0,0,0,0,0,0,0,0,0,0,0,0,0,0,0,0,0,0,0,0,0,0,0,0,0,0,0,0,0,0,0,0,0,0,0,0,0,0,0,0,0,0,0,0,0,0,0,0,0,0,0,0,0,0,0,0,0,0,0,0,0,0,0,0,0,0,0,0,0,0,0,0,0,0,0,0,0,0,0,0,0,0,0,0,0,0,0,0,0,0,0,0,0,0,0,0,0,0,0,0,0,0,0,0,0,0,0,0,0,0,0,0,0,0,0,0,0,0,0,0,0,0,0,0,0,0,0,0,0,0,0,0,0,0,0,0,0,0,0,0,0,0,0,0,0,0,0,0,0
0,0,0,0,0,0,0,0,0,0,0,0,0,0,0,0,0,0,0,0,0,0,0,0,0,0,0,0,0,0,0,0,0,0,0,0,0,0,0,0,0,0,0,0,0,0,0,0,0,0,0,0,0,0,0,0,0,0,0,0,0,0,0,0,0,0,0,0,0,0,0,0,0,0,0,0,0,0,0,0,0,0,0,0,0,0,0,0,0,0,0,0,0,0,0,0,0,0,0,0,0,0,0,0,0,0,0,0,0,0,0,0,0,0,0,0,0,0,0,0,0,0,0,0,0,0,0,0,0,0,0,0,0,0,0,0,0,0,0,0,0,0,0,0,0,0,0,0,0,0,0,0,0,0,0,0,0,0,0,0,0,0,0,0,0,0,0,0,0,0,0,0,0,0,0,0,0,0,0,0,0,0,0,0,0,0,0,0,0,0,0,0,0,0,0,0,0,0,0,0,0,0,0,0,0,0,0,0,0,0,0,0,0,0,0,0,0,0,0,0,0,0,0,0,0,0,0,0,0,0,0,0,0,0,0,0,0,0,0,0,0,0,0,0,0,0,0,0,0,0,0,0,0,0,0,0,0,0,0,0,0,0,0,0,0,0,0,0,0,0,0,0,0,0,0,0,0,0,0,0,0,0,0,0,0,0,0,0,0,0,0,0,0,0,0,0,0,0,0,0,0,0,0,0
0,0,0,0,0,0,0,0,0,0,0,0,0,0,0,0,0,0,0,0,0,0,0,0,0,0,0,0,0,0,0,0,0,0,0,0,0,0,0,0,0,0,0,0,0,0,0,0,0,0,0,0,0,0,0,0,0,0,0,0,0,0,0,0,0,0,0,0,0,0,0,0,0,0,0,0,0,0,0,0,0,0,0,0,0,0,0,0,0,0,0,0,0,0,0,0,0,0,0,0,0,0,0,0,0,0,0,0,0,0,0,0,0,0,0,0,0,0,0,0,0,0,0,0,0,0,0,0,0,0,0,0,0,0,0,0,0,0,0,0,0,0,0,0,0,0,0,0,0,0,0,0,0,0,0,0,0,0,0,0,0,0,0,0,0,0,0,0,0,0,0,0,0,0,0,0,0,0,0,0,0,0,0,0,0,0,0,0,0,0,0,0,0,0,0,0,0,0,0,0,0,316,316,0,0,0,0,0,0,0,0,0,0,119,0,0,119,119,119,0,66,66,0,0,0,0,0,0,0,0,0,0,0,0,0,0,0,0,0,0,0,0,0,0,0,0,0,0,0,0,0,0,0,0,0,0,0,0,0,0,0,0,0,0,0,0,0,0,0,0,0,0,0,0,0,0,0,0,0,0,0,0,0,0,0,0,0,0,0,0,0,0,0,0,0,0,0,0,0,0,0,0,0,0
0,0,0,0,0,0,0,0,0,0,0,0,0,0,0,0,0,0,0,0,0,0,0,0,0,0,0,0,0,0,0,0,0,0,0,0,0,0,0,0,0,0,0,0,0,0,0,0,0,0,0,0,0,0,0,0,0,0,0,0,0,0,0,0,0,0,0,0,0,0,0,0,0,0,0,0,0,0,0,0,0,0,0,0,0,0,0,0,0,0,0,0,0,0,0,0,0,0,0,0,0,0,0,0,0,0,0,0,0,0,0,0,0,0,0,0,0,0,0,0,0,0,0,0,0,0,0,0,0,0,0,0,0,0,0,0,0,0,0,0,0,0,0,0,0,0,0,0,0,0,0,0,0,0,0,0,0,0,0,0,0,0,0,0,0,0,0,0,0,0,0,0,0,0,0,0,0,0,0,0,0,0,0,0,0,0,0,0,0,0,0,0,0,0,0,0,0,0,0,0,316,316,316,316,0,0,0,0,0,0,0,0,119,119,119,119,119,119,119,66,66,66,66,0,0,66,66,0,0,0,0,0,0,0,0,0,0,0,0,0,0,0,0,0,0,0,0,0,0,0,0,0,0,0,0,0,0,0,0,0,0,0,0,0,0,0,0,0,0,0,0,0,0,0,0,0,0,0,0,0,0,0,0,0,0,0,0,0,0,0,0,0,0,0,0,0,0,0,0,0,0,0,0,0
0,0,0,0,0,0,0,0,0,0,0,0,0,0,0,0,0,0,0,0,0,0,0,0,0,0,0,0,0,0,0,0,0,0,0,0,0,0,0,0,0,0,0,0,0,0,0,0,0,0,0,0,0,0,0,0,0,0,0,0,0,0,0,0,0,0,0,0,0,0,0,0,0,0,0,0,0,0,0,0,0,0,0,0,0,0,0,0,0,0,0,0,0,0,0,0,0,0,0,0,0,0,0,0,0,0,0,0,0,0,0,0,0,0,0,0,0,0,0,0,0,0,0,0,0,0,0,0,0,0,0,0,0,0,0,0,0,0,0,0,0,0,0,0,0,0,0,0,0,0,0,0,0,0,0,0,0,0,0,0,0,0,0,0,0,0,0,0,0,0,0,0,0,0,0,0,0,0,0,0,0,0,0,0,0,0,0,0,0,0,0,0,0,0,0,0,0,0,129,129,129,316,129,316,0,0,0,0,0,129,0,0,119,119,119,119,119,119,119,66,66,66,66,66,66,66,66,66,66,0,0,127,0,127,0,0,0,0,0,0,0,0,0,0,0,0,0,0,0,0,0,0,0,0,0,0,0,0,0,0,0,0,0,0,0,0,0,0,0,0,0,0,0,0,0,0,0,0,0,0,0,0,0,0,0,0,0,0,0,0,0,0,0,0,0,0,0,0,0,0,0,0,0,0
0,0,0,0,0,0,0,0,0,0,0,0,0,0,0,0,0,0,0,0,0,0,0,0,0,0,0,0,0,0,0,0,0,0,0,0,0,0,0,0,0,0,0,0,0,0,0,0,0,0,0,0,0,0,0,0,0,0,0,0,0,0,0,0,0,0,0,0,0,0,0,0,0,0,0,0,0,0,0,0,0,0,0,0,0,0,0,0,0,0,0,0,0,0,0,0,0,0,0,0,0,0,0,0,0,0,0,0,0,0,0,0,0,0,0,0,0,0,0,0,0,0,0,0,0,0,0,0,0,0,0,0,0,0,0,0,0,0,0,0,0,0,0,0,0,0,0,0,0,0,0,0,0,0,0,0,0,0,0,0,0,0,0,0,0,0,0,0,0,0,0,0,0,0,0,0,0,0,0,0,0,0,0,0,0,0,0,0,0,0,0,0,0,129,129,0,129,0,129,129,129,129,129,129,129,129,129,129,129,129,129,119,119,119,119,119,119,119,119,119,66,66,66,66,66,66,66,66,66,66,66,127,127,127,127,0,0,0,214,214,0,0,0,0,0,0,0,0,0,0,0,0,0,0,0,0,0,0,0,0,0,0,0,0,0,0,0,0,0,0,0,0,0,0,0,0,0,0,0,0,0,0,0,0,0,0,0,0,0,0,0,0,0,0,0,0,0,0,0,0,0,0,0,0
0,0,0,0,0,0,0,0,0,0,0,0,0,0,0,0,0,0,0,0,0,0,0,0,0,0,0,0,0,0,0,0,0,0,0,0,0,0,0,0,0,0,0,0,0,0,0,0,0,0,0,0,0,0,0,0,0,0,0,0,0,0,0,0,0,0,0,0,0,0,0,0,0,0,0,0,0,0,0,0,0,0,0,0,0,0,0,0,0,0,0,0,0,0,0,0,0,0,0,0,0,0,0,0,0,0,0,0,0,0,0,0,0,0,0,0,0,0,0,0,0,0,0,0,0,0,0,0,0,0,0,0,0,0,0,0,0,0,0,0,0,0,0,0,0,0,0,0,0,0,0,0,0,0,0,0,0,0,0,0,0,0,0,0,0,0,0,0,0,0,0,0,0,0,0,0,0,0,0,0,0,0,0,0,0,0,0,0,0,129,129,0,0,129,129,129,129,129,129,129,129,129,129,129,129,129,129,129,129,129,129,119,119,119,127,119,119,127,127,127,127,127,127,66,127,66,66,127,127,66,127,127,127,127,127,127,127,214,214,214,214,214,214,214,214,0,0,0,0,0,0,0,0,0,0,0,0,0,0,0,0,0,0,0,0,0,0,0,0,0,0,0,0,0,0,0,0,0,0,0,0,0,0,0,0,0,0,0,0,0,0,0,0,0,0,0,0,0,0,0,0,0,0,0
0,0,0,0,0,0,0,0,0,0,0,0,0,0,0,0,0,0,0,0,0,0,0,0,0,0,0,0,0,0,0,0,0,0,0,0,0,0,0,0,0,0,0,0,0,0,0,0,0,0,0,0,0,0,0,0,0,0,0,0,0,0,0,0,0,0,0,0,0,0,0,0,0,0,0,0,0,0,0,0,0,0,0,0,0,0,0,0,0,0,0,0,0,0,0,0,0,0,0,0,0,0,0,0,0,0,0,0,0,0,0,0,0,0,0,0,0,0,0,0,0,0,0,0,0,0,0,0,0,0,0,0,0,0,0,0,0,0,0,0,0,0,0,0,0,0,0,0,0,0,0,0,0,0,0,0,0,0,0,0,0,0,0,0,0,0,0,0,0,0,0,0,0,0,0,0,0,0,0,0,0,0,0,0,0,0,0,129,129,129,129,129,129,129,129,129,129,129,129,129,129,129,129,129,129,129,129,129,129,129,129,127,119,119,127,119,119,127,127,127,127,127,127,127,127,127,127,127,127,127,127,127,127,127,127,127,127,127,214,214,214,214,214,214,214,214,214,0,214,0,0,0,0,0,0,0,0,0,0,0,0,0,0,0,0,0,0,0,0,0,0,0,0,0,0,0,0,0,0,0,0,0,0,0,0,0,0,0,0,0,0,0,0,0,0,0,0,0,0,0,0,0,0,0
0,0,0,0,0,0,0,0,0,0,0,0,0,0,0,0,0,0,0,0,0,0,0,0,0,0,0,0,0,0,0,0,0,0,0,0,0,0,0,0,0,0,0,0,0,0,0,0,0,0,0,0,0,0,0,0,0,0,0,0,0,0,0,0,0,0,0,0,0,0,0,0,0,0,0,0,0,0,0,0,0,0,0,0,0,0,0,0,0,0,0,0,0,0,0,0,0,0,0,0,0,0,0,0,0,0,0,0,0,0,0,0,0,0,0,0,0,0,0,0,0,0,0,0,0,0,0,0,0,0,0,0,0,0,0,0,0,0,0,0,0,0,0,0,0,0,0,0,0,0,0,0,0,0,0,0,0,0,0,0,0,0,0,0,0,0,0,0,0,0,0,0,0,0,0,0,0,0,0,0,0,0,0,300,0,0,0,129,129,129,129,129,129,129,129,129,129,129,129,129,129,129,129,129,127,127,129,129,129,127,127,127,127,127,127,127,127,127,127,127,127,127,127,127,127,127,127,127,127,127,127,127,127,127,127,127,127,127,214,214,214,214,214,214,214,214,214,214,214,214,214,0,0,0,0,0,0,0,0,0,0,0,0,0,0,0,0,0,0,0,0,0,0,0,0,0,0,0,0,0,0,0,0,0,0,0,0,0,0,0,0,0,0,0,0,0,0,0,0,0,0,0,0,0
0,0,0,0,0,0,0,0,0,0,0,0,0,0,0,0,0,0,0,0,0,0,0,0,0,0,0,0,0,0,0,0,0,0,0,0,0,0,0,0,0,0,0,0,0,0,0,0,0,0,0,0,0,0,0,0,0,0,0,0,0,0,0,0,0,0,0,0,0,0,0,0,0,0,0,0,0,0,0,0,0,0,0,0,0,0,0,0,0,0,0,0,0,0,0,0,0,0,0,0,0,0,0,0,0,0,0,0,0,0,0,0,0,0,0,0,0,0,0,0,0,0,0,0,0,0,0,0,0,0,0,0,0,0,0,0,0,0,0,0,0,0,0,0,0,0,0,0,0,0,0,0,0,0,0,0,0,0,0,0,0,0,0,0,0,0,0,0,0,0,0,0,0,0,0,0,0,0,0,0,300,300,300,300,300,129,129,129,129,129,129,129,129,129,129,129,129,129,129,129,12,129,12,12,12,127,127,127,127,127,127,127,127,127,127,127,127,127,127,127,127,127,127,127,127,127,127,127,127,127,127,127,127,127,127,127,127,127,171,214,214,214,214,214,214,214,214,214,214,214,214,214,214,214,0,0,0,0,0,0,0,0,0,0,0,0,0,0,0,0,0,0,0,0,0,0,0,0,0,0,0,0,0,0,0,0,0,0,0,0,0,0,0,0,0,0,0,0,0,0,0,0,0,0
0,0,0,0,0,0,0,0,0,0,0,0,0,0,0,0,0,0,0,0,0,0,0,0,0,0,0,0,0,0,0,0,0,0,0,0,0,0,0,0,0,0,0,0,0,0,0,0,0,0,0,0,0,0,0,0,0,0,0,0,0,0,0,0,0,0,0,0,0,0,0,0,0,0,0,0,0,0,0,0,0,0,0,0,0,0,0,0,0,0,0,0,0,0,0,0,0,0,0,0,0,0,0,0,0,0,0,0,0,0,0,0,0,0,0,0,0,0,0,0,0,0,0,0,0,0,0,0,0,0,0,0,0,0,0,0,0,0,0,0,0,0,0,0,0,0,0,0,0,0,0,0,0,0,0,0,0,0,0,0,0,0,0,0,0,0,0,0,0,0,0,0,0,0,0,300,0,300,300,300,300,300,300,300,300,300,129,129,129,129,129,129,129,129,129,12,12,12,129,129,12,12,12,12,127,127,127,127,127,127,127,127,127,127,127,127,127,127,127,127,127,127,127,127,127,127,127,127,127,127,127,328,328,127,328,328,127,127,171,171,214,171,171,299,214,214,214,214,214,214,214,214,214,214,0,0,0,0,0,0,0,0,0,0,0,0,0,0,0,0,0,0,0,0,0,0,0,0,0,0,0,0,0,0,0,0,0,0,0,0,0,0,0,0,0,0,0,0,0,0,0,0,0,0
0,0,0,0,0,0,0,0,0,0,0,0,0,0,0,0,0,0,0,0,0,0,0,0,0,0,0,0,0,0,0,0,0,0,0,0,0,0,0,0,0,0,0,0,0,0,0,0,0,0,0,0,0,0,0,0,0,0,0,0,0,0,0,0,0,0,0,0,0,0,0,0,0,0,0,0,0,0,0,0,0,0,0,0,0,0,0,0,0,0,0,0,0,0,0,0,0,0,0,0,0,0,0,0,0,0,0,0,0,0,0,0,0,0,0,0,0,0,0,0,0,0,0,0,0,0,0,0,0,0,0,0,0,0,0,0,0,0,0,0,0,0,0,0,0,0,0,0,0,0,0,0,0,0,0,0,0,0,0,0,0,0,0,0,0,0,0,0,0,0,0,0,300,300,0,300,300,300,300,300,300,300,300,300,300,129,129,129,129,129,129,129,129,129,129,12,12,12,12,12,12,12,12,12,12,127,127,127,127,127,127,127,127,127,127,127,127,127,127,127,127,127,127,127,127,328,328,328,328,328,328,328,328,328,328,328,328,171,171,171,171,171,171,299,214,299,214,299,214,299,214,214,214,214,214,214,214,0,0,0,0,0,0,0,0,0,0,0,0,0,0,0,0,0,0,0,0,0,0,0,0,0,0,0,0,0,0,0,0,0,0,0,0,0,0,0,0,0,0,0,0,0,0,0
0,0,0,0,0,0,0,0,0,0,0,0,0,0,0,0,0,0,0,0,0,0,0,0,0,0,0,0,0,0,0,0,0,0,0,0,0,0,0,0,0,0,0,0,0,0,0,0,0,0,0,0,0,0,0,0,0,0,0,0,0,0,0,0,0,0,0,0,0,0,0,0,0,0,0,0,0,0,0,0,0,0,0,0,0,0,0,0,0,0,0,0,0,0,0,0,0,0,0,0,0,0,0,0,0,0,0,0,0,0,0,0,0,0,0,0,0,0,0,0,0,0,0,0,0,0,0,0,0,0,0,0,0,0,0,0,0,0,0,0,0,0,0,0,0,0,0,0,0,0,0,0,0,0,0,0,0,0,0,0,0,0,0,0,0,0,0,0,300,0,0,300,300,300,300,300,300,300,300,300,300,300,300,300,300,129,97,129,97,97,97,97,12,12,12,12,12,12,12,12,12,12,12,127,127,127,127,127,127,127,127,127,127,127,127,61,61,127,61,61,127,61,127,61,328,328,328,328,328,328,328,328,328,328,328,328,328,171,171,171,171,171,171,299,299,299,299,299,299,299,299,299,214,214,214,214,214,214,0,0,0,0,0,0,0,0,0,0,0,0,0,0,0,0,0,0,0,0,0,0,0,0,0,0,0,0,0,0,0,0,0,0,0,0,0,0,0,0,0,0,0,0,0,0
0,0,0,0,0,0,0,0,0,0,0,0,0,0,0,0,0,0,0,0,0,0,0,0,0,0,0,0,0,0,0,0,0,0,0,0,0,0,0,0,0,0,0,0,0,0,0,0,0,0,0,0,0,0,0,0,0,0,0,0,0,0,0,0,0,0,0,0,0,0,0,0,0,0,0,0,0,0,0,0,0,0,0,0,0,0,0,0,0,0,0,0,0,0,0,0,0,0,0,0,0,0,0,0,0,0,0,0,0,0,0,0,0,0,0,0,0,0,0,0,0,0,0,0,0,0,0,0,0,0,0,0,0,0,0,0,0,0,0,0,0,0,0,0,0,0,0,0,0,0,0,0,0,0,0,0,0,0,0,0,0,0,300,300,0,300,0,0,300,300,300,300,300,300,300,300,300,300,300,300,300,300,300,300,300,97,97,97,97,97,97,97,12,12,12,12,12,12,12,12,12,12,12,127,127,127,127,127,127,127,127,127,127,248,127,61,61,61,61,61,61,61,61,61,328,328,328,328,328,328,328,328,328,328,328,328,171,171,171,171,171,171,171,299,299,299,299,299,299,299,299,299,214,214,214,214,214,214,214,214,0,0,0,0,0,0,0,0,0,0,0,0,0,0,0,0,0,0,0,0,0,0,0,0,0,0,0,0,0,0,0,0,0,0,0,0,0,0,0,0,0,0,0,0
0,0,0,0,0,0,0,0,0,0,0,0,0,0,0,0,0,0,0,0,0,0,0,0,0,0,0,0,0,0,0,0,0,0,0,0,0,0,0,0,0,0,0,0,0,0,0,0,0,0,0,0,0,0,0,0,0,0,0,0,0,0,0,0,0,0,0,0,0,0,0,0,0,0,0,0,0,0,0,0,0,0,0,0,0,0,0,0,0,0,0,0,0,0,0,0,0,0,0,0,0,0,0,0,0,0,0,0,0,0,0,0,0,0,0,0,0,0,0,0,0,0,0,0,0,0,0,0,0,0,0,0,0,0,0,0,0,0,0,0,0,0,0,0,0,0,0,0,0,0,0,0,0,0,0,0,300,0,300,0,300,300,300,300,300,300,300,300,300,300,300,300,300,300,300,300,300,300,300,300,300,300,300,97,97,97,97,97,97,97,97,97,12,12,12,12,12,12,12,12,12,12,12,127,127,127,127,248,127,127,248,248,248,248,61,61,61,61,61,61,61,61,61,61,328,328,328,328,328,328,328,328,328,328,328,328,328,171,171,171,171,171,171,299,299,299,299,299,299,299,137,137,137,137,137,137,137,137,214,214,214,0,0,0,0,0,0,0,0,0,0,0,0,0,0,0,0,0,0,0,0,0,0,0,0,0,0,0,0,0,0,0,0,0,0,0,0,0,0,0,0,0,0,0
0,0,0,0,0,0,0,0,0,0,0,0,0,0,0,0,0,0,0,0,0,0,0,0,0,0,0,0,0,0,0,0,0,0,0,0,0,0,0,0,0,0,0,0,0,0,0,0,0,0,0,0,0,0,0,0,0,0,0,0,0,0,0,0,0,0,0,0,0,0,0,0,0,0,0,0,0,0,0,0,0,0,0,0,0,0,0,0,0,0,0,0,0,0,0,0,0,0,0,0,0,0,0,0,0,0,0,0,0,0,0,0,0,0,0,0,0,0,0,0,0,0,0,0,0,0,0,0,0,0,0,0,0,0,0,0,0,0,0,0,0,0,0,300,300,300,300,0,300,0,300,300,300,300,300,0,300,300,300,300,300,300,300,300,300,300,300,300,300,300,300,300,300,300,300,300,300,300,300,295,295,97,97,97,97,97,97,97,97,97,97,97,12,12,12,12,12,12,12,12,12,12,12,248,248,248,248,248,248,248,248,248,248,61,61,61,61,61,61,61,61,61,61,61,328,328,328,328,328,328,328,328,328,328,328,328,171,171,171,171,171,171,171,299,299,299,299,299,299,137,137,137,137,137,137,137,137,137,137,137,137,0,0,0,0,0,0,0,0,0,0,0,0,0,0,0,0,0,0,0,0,0,0,0,0,0,0,0,0,0,0,0,0,0,0,0,0,0,0,0,0,0,0,0
0,0,0,0,0,0,0,0,0,0,0,0,0,0,0,0,0,0,0,0,0,0,0,0,0,0,0,0,0,0,0,0,0,0,0,0,0,0,0,0,0,0,0,0,0,0,0,0,0,0,0,0,0,0,0,0,0,0,0,0,0,0,0,0,0,0,0,0,0,0,0,0,0,0,0,0,0,0,0,0,0,0,0,0,0,0,0,0,0,0,0,0,0,0,0,0,0,0,0,0,0,0,0,0,0,0,0,0,0,0,0,0,0,0,0,0,0,0,0,0,0,0,0,0,0,0,0,0,0,0,0,0,0,0,0,0,0,311,311,311,0,311,311,300,300,300,300,300,300,300,300,300,300,300,300,300,300,300,300,300,300,300,300,300,300,300,300,300,300,300,300,300,300,295,295,295,295,295,295,295,295,97,97,97,97,97,97,97,97,97,97,12,12,12,12,12,12,247,12,12,12,12,247,248,248,248,248,248,248,248,248,248,248,248,61,61,61,61,61,61,61,61,61,61,328,328,328,328,328,328,328,328,328,328,328,328,171,171,171,171,171,171,171,171,299,299,299,299,299,137,137,137,137,137,137,137,137,137,137,137,42,0,0,0,0,0,0,0,0,0,0,0,0,0,0,0,0,0,0,0,0,0,0,0,0,0,0,0,0,0,0,0,0,0,0,0,0,0,0,0,0,0,0,0
0,0,0,0,0,0,0,0,0,0,0,0,0,0,0,0,0,0,0,0,0,0,0,0,0,0,0,0,0,0,0,0,0,0,0,0,0,0,0,0,0,0,0,0,0,0,0,0,0,0,0,0,0,0,0,0,0,0,0,0,0,0,0,0,0,0,0,0,0,0,0,0,0,0,0,0,0,0,0,0,0,0,0,0,0,0,0,0,0,0,0,0,0,0,0,0,0,0,0,0,0,0,0,0,0,0,0,0,0,0,0,0,0,0,0,0,0,0,0,0,0,0,0,0,0,0,0,0,0,0,0,311,311,311,311,311,311,311,311,311,311,311,311,300,300,300,300,300,300,300,300,300,300,300,300,300,300,300,300,300,300,300,300,300,300,300,295,295,295,295,300,295,295,295,295,295,295,295,295,295,295,97,97,97,97,97,97,97,97,97,97,97,247,247,12,247,12,247,247,247,247,247,247,248,248,248,248,248,248,248,248,248,248,248,248,61,61,61,61,61,61,61,61,61,61,328,328,328,328,328,328,328,328,328,328,171,171,171,171,171,171,171,171,171,299,299,299,299,299,137,137,137,137,137,137,137,137,137,137,137,42,0,0,0,0,0,0,0,0,0,0,0,0,0,0,0,0,0,0,0,0,0,0,0,0,0,0,0,0,0,0,0,0,0,0,0,0,0,0,0,0,0,0,0
0,0,0,0,0,0,0,0,0,0,0,0,0,0,0,0,0,0,0,0,0,0,0,0,0,0,0,0,0,0,0,0,0,0,0,0,0,0,0,0,0,0,0,0,0,0,0,0,0,0,0,0,0,0,0,0,0,0,0,0,0,0,0,0,0,0,0,0,0,0,0,0,0,0,0,0,0,0,0,0,0,0,0,0,0,0,0,0,0,0,0,0,0,0,0,0,0,0,0,0,0,0,0,0,0,0,0,0,0,0,0,0,0,0,0,0,0,0,0,0,0,0,0,0,0,0,0,0,0,0,311,311,311,311,311,311,311,311,311,311,311,311,300,300,300,300,300,300,300,300,300,300,300,300,300,300,300,300,300,300,300,300,300,300,300,300,295,295,295,295,295,295,295,295,295,295,295,295,295,295,295,295,97,97,97,97,97,97,97,97,191,247,247,247,247,247,247,247,247,247,247,247,247,247,248,248,248,248,248,248,248,248,248,248,61,61,61,61,61,61,61,61,61,61,328,328,328,328,328,328,328,328,328,328,328,328,171,171,171,171,171,171,171,299,299,299,299,299,137,137,137,137,137,137,137,137,137,137,137,137,42,42,42,42,0,0,0,0,0,0,0,0,0,0,0,0,0,0,0,0,0,0,0,0,0,0,0,0,0,0,0,0,0,0,0,0,0,0,0,0,0,0,0,0
0,0,0,0,0,0,0,0,0,0,0,0,0,0,0,0,0,0,0,0,0,0,0,0,0,0,0,0,0,0,0,0,0,0,0,0,0,0,0,0,0,0,0,0,0,0,0,0,0,0,0,0,0,0,0,0,0,0,0,0,0,0,0,0,0,0,0,0,0,0,0,0,0,0,0,0,0,0,0,0,0,0,0,0,0,0,0,0,0,0,0,0,0,0,0,0,0,0,0,0,0,0,0,0,0,0,0,0,0,0,0,0,0,0,0,0,0,0,0,0,0,0,190,190,311,311,311,311,311,311,311,311,311,311,311,311,311,311,311,311,311,311,300,300,300,300,300,300,300,300,300,300,300,300,300,300,300,300,300,300,300,300,300,300,300,295,295,295,295,295,295,295,295,295,295,295,295,295,295,295,295,295,191,97,191,191,97,97,97,191,191,247,247,247,247,247,247,247,247,247,247,247,247,248,248,248,248,248,248,248,248,248,248,248,61,61,61,61,61,348,348,61,61,61,61,328,328,328,328,328,328,328,328,328,328,328,171,171,171,171,171,171,171,171,299,182,299,299,137,137,137,137,137,137,137,137,42,42,42,42,42,42,42,42,0,0,0,0,0,0,0,0,0,0,0,0,0,0,0,0,0,0,0,0,0,0,0,0,0,0,0,0,0,0,0,0,0,0,0,0,0,0,0,0
0,0,0,0,0,0,0,0,0,0,0,0,0,0,0,0,0,0,0,0,0,0,0,0,0,0,0,0,0,0,0,0,0,0,0,0,0,0,0,0,0,0,0,0,0,0,0,0,0,0,0,0,0,0,0,0,0,0,0,0,0,0,0,0,0,0,0,0,0,0,0,0,0,0,0,0,0,0,0,0,0,0,0,0,0,0,0,0,0,0,0,0,0,0,0,0,0,0,0,0,0,0,0,0,0,0,0,0,0,0,0,0,0,0,0,0,0,190,190,0,190,0,190,190,311,311,311,311,311,311,311,311,311,311,311,311,311,311,311,311,311,311,311,300,300,300,300,300,300,300,300,300,300,300,300,300,300,300,300,300,295,295,300,295,295,295,295,295,295,295,295,295,295,295,295,295,295,295,295,191,295,191,191,191,191,191,191,191,191,191,191,247,247,247,247,247,247,247,247,247,247,247,247,247,248,248,248,248,248,248,248,248,248,248,248,348,61,61,348,348,348,348,348,348,348,348,328,328,328,328,328,328,328,328,182,182,182,171,171,171,171,171,171,182,182,182,182,182,182,137,167,137,137,137,137,42,42,42,42,42,42,42,42,42,42,42,0,0,0,0,0,0,0,0,0,0,0,0,0,0,0,0,0,0,0,0,0,0,0,0,0,0,0,0,0,0,0,0,0,0,0,0,0,0
0,0,0,0,0,0,0,0,0,0,0,0,0,0,0,0,0,0,0,0,0,0,0,0,0,0,0,0,0,0,0,0,0,0,0,0,0,0,0,0,0,0,0,0,0,0,0,0,0,0,0,0,0,0,0,0,0,0,0,0,0,0,0,0,0,0,0,0,0,0,0,0,0,0,0,0,0,0,0,0,0,0,0,0,0,0,0,0,0,0,0,0,0,0,0,0,0,0,0,0,0,0,0,0,0,0,0,0,0,0,0,0,301,0,0,301,190,190,190,190,190,190,190,190,190,311,311,311,311,311,311,311,311,311,311,311,311,311,311,311,311,311,311,300,300,300,300,300,300,300,300,300,300,300,300,300,300,300,300,300,295,295,295,295,295,295,295,295,295,295,295,295,295,295,295,295,191,191,191,191,191,191,191,191,191,191,191,191,191,191,247,247,247,247,247,247,247,247,247,247,247,247,247,247,248,248,248,248,248,248,248,248,248,248,248,348,348,348,348,348,348,348,348,348,348,348,348,328,348,328,328,328,182,328,182,182,182,182,182,182,182,171,182,182,182,182,182,182,182,137,167,137,167,137,137,42,42,42,42,42,42,42,42,42,42,0,0,0,0,0,0,0,0,0,0,0,0,0,0,0,0,0,0,0,0,0,0,0,0,0,0,0,0,0,0,0,0,0,0,0,0,0,0,0
0,0,0,0,0,0,0,0,0,0,0,0,0,0,0,0,0,0,0,0,0,0,0,0,0,0,0,0,0,0,0,0,0,0,0,0,0,0,0,0,0,0,0,0,0,0,0,0,0,0,0,0,0,0,0,0,0,0,0,0,0,0,0,0,0,0,0,0,0,0,0,0,0,0,0,0,0,0,0,0,0,0,0,0,0,0,0,0,0,0,0,0,0,0,0,0,0,0,0,0,0,0,0,0,0,0,0,0,0,0,0,301,301,301,301,301,190,190,190,190,190,190,190,190,311,311,311,311,311,311,311,311,311,311,311,311,311,311,311,311,311,311,311,300,300,300,300,300,300,300,300,300,300,295,295,295,295,295,295,295,295,295,295,295,295,295,295,295,295,295,295,295,295,295,295,191,191,191,191,191,191,191,191,191,191,191,191,191,191,191,191,247,247,247,247,247,247,247,247,247,247,247,247,247,247,248,248,248,248,248,248,248,248,248,348,348,348,348,348,348,348,348,348,348,348,348,348,348,348,348,328,182,182,182,182,182,182,182,182,182,171,171,182,182,182,182,182,182,182,182,167,167,167,137,42,42,42,42,42,42,42,42,42,42,42,0,0,0,0,0,0,0,0,0,0,0,0,0,0,0,0,0,0,0,0,0,0,0,0,0,0,0,0,0,0,0,0,0,0,0,0,0,0,0
0,0,0,0,0,0,0,0,0,0,0,0,0,0,0,0,0,0,0,0,0,0,0,0,0,0,0,0,0,0,0,0,0,0,0,0,0,0,0,0,0,0,0,0,0,0,0,0,0,0,0,0,0,0,0,0,0,0,0,0,0,0,0,0,0,0,0,0,0,0,0,0,0,0,0,0,0,0,0,0,0,0,0,0,0,0,0,0,0,0,0,0,0,0,0,0,0,0,0,0,0,0,0,0,0,82,82,82,0,301,301,301,301,301,301,301,301,190,190,190,190,190,190,311,311,311,311,311,311,311,311,311,311,311,311,311,311,311,311,311,311,311,311,300,300,300,300,300,300,300,90,90,300,90,295,295,295,295,295,295,295,295,295,295,295,295,295,295,295,65,295,65,65,65,65,191,191,191,191,191,191,191,191,191,191,191,191,191,191,191,191,191,247,247,247,247,247,247,247,247,247,247,247,247,247,248,248,248,248,248,248,248,248,248,248,348,348,348,348,348,348,348,348,348,348,348,348,348,348,182,182,182,182,182,182,182,182,182,182,182,182,182,182,182,182,182,182,182,182,182,167,167,167,167,42,42,42,42,42,42,42,341,341,341,341,0,341,0,0,0,0,0,0,0,0,0,0,0,0,0,0,0,0,0,0,0,0,0,0,0,0,0,0,0,0,0,0,0,0,0,0,0,0,0
0,0,0,0,0,0,0,0,0,0,0,0,0,0,0,0,0,0,0,0,0,0,0,0,0,0,0,0,0,0,0,0,0,0,0,0,0,0,0,0,0,0,0,0,0,0,0,0,0,0,0,0,0,0,0,0,0,0,0,0,0,0,0,0,0,0,0,0,0,0,0,0,0,0,0,0,0,0,0,0,0,0,0,0,0,0,0,0,0,0,0,0,0,0,0,0,0,0,0,0,82,0,0,82,82,82,82,301,301,301,301,301,301,301,301,301,190,190,190,190,190,190,190,190,311,311,311,311,311,311,311,311,311,311,311,311,311,311,311,311,311,311,311,300,300,300,300,300,300,90,90,90,90,90,295,295,295,295,295,295,295,295,295,295,295,65,65,65,65,65,65,65,65,65,65,65,191,191,191,191,191,191,191,191,191,191,191,191,191,191,191,191,191,247,247,247,247,247,247,247,247,247,247,247,247,248,248,248,248,248,248,248,248,248,348,348,348,348,348,348,348,348,348,348,348,348,348,348,348,182,182,182,182,182,182,182,182,182,182,182,182,182,182,182,182,182,182,182,182,167,167,167,167,167,167,42,42,42,341,341,341,341,341,341,341,341,341,0,0,0,0,0,0,0,0,0,0,0,0,0,0,0,0,0,0,0,0,0,0,0,0,0,0,0,0,0,0,0,0,0,0,0,0,0
0,0,0,0,0,0,0,0,0,0,0,0,0,0,0,0,0,0,0,0,0,0,0,0,0,0,0,0,0,0,0,0,0,0,0,0,0,0,0,0,0,0,0,0,0,0,0,0,0,0,0,0,0,0,0,0,0,0,0,0,0,0,0,0,0,0,0,0,0,0,0,0,0,0,0,0,0,0,0,0,0,0,0,0,0,0,0,0,0,0,0,0,0,0,0,106,106,0,106,82,82,82,82,82,82,82,82,301,301,301,301,301,301,301,301,301,301,190,190,190,190,190,190,311,311,311,311,311,311,311,311,311,311,311,311,311,311,311,311,311,311,311,90,90,90,90,90,90,90,90,90,90,90,90,90,295,295,295,295,295,162,162,162,162,295,65,65,65,65,65,65,65,65,65,65,191,191,191,191,191,191,191,191,191,191,191,191,191,191,191,191,191,247,247,247,247,247,247,247,247,247,247,247,247,248,248,248,248,248,248,248,248,248,248,248,348,348,348,348,348,348,348,348,348,348,348,348,348,348,348,182,182,182,182,182,182,182,182,182,182,182,182,182,182,182,182,182,182,167,167,167,167,167,167,167,167,167,341,341,341,341,341,341,341,341,341,341,0,0,0,0,0,0,0,0,0,0,0,0,0,0,0,0,0,0,0,0,0,0,0,0,0,0,0,0,0,0,0,0,0,0,0,0,0
0,0,0,0,0,0,0,0,0,0,0,0,0,0,0,0,0,0,0,0,0,0,0,0,0,0,0,0,0,0,0,0,0,0,0,0,0,0,0,0,0,0,0,0,0,0,0,0,0,0,0,0,0,0,0,0,0,0,0,0,0,0,0,0,0,0,0,0,0,0,0,0,0,0,0,0,0,0,0,0,0,0,0,0,0,0,0,0,0,0,0,0,0,0,106,106,106,106,106,106,106,82,82,82,82,82,82,82,301,301,301,301,301,301,301,301,190,190,190,190,190,190,190,311,311,311,311,311,311,311,311,311,311,311,311,311,311,311,311,311,311,90,90,90,90,90,90,90,90,90,90,90,90,90,144,144,295,295,144,295,162,162,162,162,65,65,65,162,162,65,65,65,65,65,65,65,191,191,191,191,191,191,191,191,191,191,191,191,191,191,191,191,191,247,247,247,247,247,247,247,247,247,247,247,248,248,248,248,248,248,248,248,248,348,348,348,348,348,348,348,348,348,348,348,348,348,348,348,348,182,182,182,182,344,182,182,182,182,285,285,182,182,285,285,285,285,182,285,167,285,167,167,167,167,167,167,167,265,341,341,341,341,341,341,341,341,341,341,0,0,0,0,0,0,0,0,0,0,0,0,0,0,0,0,0,0,0,0,0,0,0,0,0,0,0,0,0,0,0,0,0,0,0,0
0,0,0,0,0,0,0,0,0,0,0,0,0,0,0,0,0,0,0,0,0,0,0,0,0,0,0,0,0,0,0,0,0,0,0,0,0,0,0,0,0,0,0,0,0,0,0,0,0,0,0,0,0,0,0,0,0,0,0,0,0,0,0,0,0,0,0,0,0,0,0,0,0,0,0,0,0,0,0,0,0,0,0,0,0,0,0,148,148,0,148,148,148,148,106,106,106,106,106,106,106,82,82,82,82,82,82,82,301,301,301,301,301,301,301,190,190,190,190,190,190,190,311,311,311,311,311,311,311,311,311,311,311,311,311,311,311,90,90,90,90,90,90,90,90,90,90,90,90,90,90,90,90,90,144,144,144,144,144,162,162,162,162,162,162,162,162,162,162,65,65,29,65,65,29,65,191,191,29,191,191,191,191,191,191,191,191,191,191,191,191,191,191,247,247,247,247,247,247,247,247,247,247,247,248,248,248,248,248,248,248,248,248,248,348,348,348,348,348,348,348,348,348,348,348,348,68,68,344,344,182,344,344,344,344,344,182,344,285,285,285,285,285,285,285,285,285,285,285,285,285,265,167,265,265,265,265,265,341,341,341,341,341,341,341,341,341,0,0,0,0,0,0,0,0,0,0,0,0,0,0,0,0,0,0,0,0,0,0,0,0,0,0,0,0,0,0,0,0,0,0,0,0,0
0,0,0,0,0,0,0,0,0,0,0,0,0,0,0,0,0,0,0,0,0,0,0,0,0,0,0,0,0,0,0,0,0,0,0,0,0,0,0,0,0,0,0,0,0,0,0,0,0,0,0,0,0,0,0,0,0,0,0,0,0,0,0,0,0,0,0,0,0,0,0,0,0,0,0,0,0,0,0,0,0,0,346,0,0,346,0,148,148,148,148,148,148,106,106,106,106,106,106,106,106,82,82,82,82,82,82,82,301,301,301,301,301,301,301,190,190,190,190,190,190,190,311,311,311,311,311,311,311,311,311,311,311,90,90,90,311,90,90,90,90,90,90,90,90,90,90,144,90,90,144,90,90,144,144,144,144,144,144,162,162,162,162,162,162,162,162,162,162,162,29,29,29,29,29,29,29,29,29,29,29,29,191,191,191,191,120,191,120,120,120,120,120,120,247,247,247,247,247,247,247,247,247,247,68,248,248,248,248,248,248,68,68,68,348,348,68,68,68,348,68,348,68,348,68,68,68,344,344,344,344,344,344,344,344,344,344,344,285,285,285,285,285,285,285,285,285,285,285,285,265,265,265,265,265,265,265,265,265,341,341,341,341,341,341,341,341,0,0,0,0,0,0,0,0,0,0,0,0,0,0,0,0,0,0,0,0,0,0,0,0,0,0,0,0,0,0,0,0,0,0,0,0,0
0,0,0,0,0,0,0,0,0,0,0,0,0,0,0,0,0,0,0,0,0,0,0,0,0,0,0,0,0,0,0,0,0,0,0,0,0,0,0,0,0,0,0,0,0,0,0,0,0,0,0,0,0,0,0,0,0,0,0,0,0,0,0,0,0,0,0,0,0,0,0,0,0,0,0,0,0,0,346,0,346,346,346,346,346,346,346,148,148,148,148,148,148,106,106,106,106,106,106,106,106,82,82,82,82,82,82,82,301,301,301,301,301,301,190,190,190,190,190,190,190,190,190,311,311,311,311,311,311,311,311,90,311,90,90,90,90,90,90,90,90,90,90,90,144,90,144,144,144,144,144,144,144,144,144,144,144,144,144,162,162,162,162,162,162,162,162,162,162,162,29,29,29,29,29,29,29,29,29,29,29,29,191,120,120,120,120,120,120,120,120,120,120,120,120,247,247,247,68,247,247,247,247,68,68,68,68,248,68,248,248,68,68,68,68,68,68,68,68,68,68,68,68,68,68,68,68,68,344,344,344,344,344,344,344,344,344,285,285,285,285,285,285,285,285,285,285,285,285,285,265,265,265,265,265,265,265,265,265,265,341,298,341,341,341,341,341,0,0,0,0,0,0,0,0,0,0,0,0,0,0,0,0,0,0,0,0,0,0,0,0,0,0,0,0,0,0,0,0,0,0,0,0,0
0,0,0,0,0,0,0,0,0,0,0,0,0,0,0,0,0,0,0,0,0,0,0,0,0,0,0,0,0,0,0,0,0,0,0,0,0,0,0,0,0,0,0,0,0,0,0,0,0,0,0,0,0,0,0,0,0,0,0,0,0,0,0,0,0,0,0,0,0,0,0,0,0,0,0,0,0,0,346,346,346,346,346,346,346,346,346,346,148,148,148,148,148,148,106,106,106,106,106,106,82,82,82,82,82,82,82,82,301,301,301,301,301,301,190,190,190,190,190,190,190,190,311,311,311,311,311,311,90,90,90,90,90,90,90,90,90,90,90,90,90,90,90,144,144,144,144,144,144,144,144,144,144,144,144,144,144,144,144,162,162,162,162,162,162,162,162,162,162,29,29,29,29,29,29,29,29,29,29,29,29,29,120,120,120,120,120,120,120,120,120,120,120,120,120,120,120,120,68,68,68,68,68,68,68,68,68,68,68,68,68,68,68,68,68,68,68,68,68,68,68,68,68,68,68,68,68,344,344,344,344,344,344,344,344,344,344,285,285,285,285,285,285,285,285,285,285,285,285,265,265,265,265,265,265,265,265,265,265,265,265,298,298,298,341,298,341,341,0,0,0,0,0,0,0,0,0,0,0,0,0,0,0,0,0,0,0,0,0,0,0,0,0,0,0,0,0,0,0,0,0,0,0,0
0,0,0,0,0,0,0,0,0,0,0,0,0,0,0,0,0,0,0,0,0,0,0,0,0,0,0,0,0,0,0,0,0,0,0,0,0,0,0,0,0,0,0,0,0,0,0,0,0,0,0,0,0,0,0,0,0,0,0,0,0,0,0,0,0,0,0,0,0,0,0,0,337,337,0,337,346,346,346,346,346,346,346,346,346,346,346,148,148,148,148,148,148,106,106,106,106,106,106,106,82,82,82,82,82,82,82,301,301,301,301,301,301,301,190,190,190,190,190,190,190,190,190,311,311,180,180,90,90,90,90,90,90,90,90,90,90,90,90,90,80,144,144,144,144,144,144,144,144,144,144,144,144,144,144,144,144,144,144,162,162,162,162,162,162,162,162,162,162,162,29,29,29,29,29,29,29,29,29,29,29,120,120,120,120,120,120,120,120,120,120,120,120,120,120,120,120,120,68,68,68,68,68,68,68,68,68,68,68,68,68,68,68,68,68,68,68,68,68,68,68,68,68,68,68,68,344,344,344,344,344,344,344,344,344,344,344,344,285,285,285,285,285,285,285,285,285,285,285,265,265,265,265,265,265,265,265,265,265,298,298,298,298,298,298,298,298,0,0,0,0,0,0,0,0,0,0,0,0,0,0,0,0,0,0,0,0,0,0,0,0,0,0,0,0,0,0,0,0,0,0,0,0,0
0,0,0,0,0,0,0,0,0,0,0,0,0,0,0,0,0,0,0,0,0,0,0,0,0,0,0,0,0,0,0,0,0,0,0,0,0,0,0,0,0,0,0,0,0,0,0,0,0,0,0,0,0,0,0,0,0,0,0,0,0,0,0,0,0,0,0,0,0,337,337,337,337,337,337,337,337,346,346,346,346,346,346,346,346,346,148,148,148,148,148,148,148,106,106,106,106,106,106,106,82,82,82,82,82,82,82,301,301,301,301,301,301,190,190,190,190,190,190,190,190,180,180,180,180,180,180,180,90,90,90,90,90,90,90,90,90,80,90,90,80,80,144,80,80,144,144,144,237,237,237,144,144,144,144,144,144,144,144,162,162,162,162,162,162,162,162,162,188,162,188,188,188,29,188,29,188,188,29,188,29,120,120,188,120,120,120,120,120,120,120,120,120,120,120,120,120,68,68,68,68,68,68,68,68,68,68,68,68,68,68,68,68,68,68,68,68,68,68,68,68,68,68,68,68,68,54,54,344,344,344,344,344,344,344,344,344,344,285,285,285,285,285,285,285,285,285,285,285,265,265,265,265,265,265,265,265,265,265,298,298,298,298,298,298,298,298,298,0,0,0,0,0,0,0,0,0,0,0,0,0,0,0,0,0,0,0,0,0,0,0,0,0,0,0,0,0,0,0,0,0,0,0,0
0,0,0,0,0,0,0,0,0,0,0,0,0,0,0,0,0,0,0,0,0,0,0,0,0,0,0,0,0,0,0,0,0,0,0,0,0,0,0,0,0,0,0,0,0,0,0,0,0,0,0,0,0,0,0,0,0,0,0,0,0,0,0,0,0,0,0,0,337,337,337,337,337,337,337,337,337,346,346,346,346,346,346,346,346,346,148,148,148,148,148,148,106,106,106,106,106,106,106,106,82,82,82,82,82,82,82,301,301,301,301,301,301,301,190,190,190,190,180,180,180,180,180,180,180,180,180,90,90,90,90,315,90,90,80,80,80,80,80,80,80,80,80,80,144,144,237,237,237,237,237,237,237,237,237,237,144,237,237,237,237,237,162,237,237,237,162,162,188,188,188,188,188,29,188,188,188,188,188,188,188,188,188,188,188,188,188,188,188,188,188,120,120,120,188,120,120,68,68,68,352,68,68,68,68,68,68,68,68,68,68,68,68,68,68,68,68,68,68,68,68,68,54,68,68,54,54,54,54,54,54,54,344,344,344,344,344,285,285,285,285,285,285,285,285,285,285,285,285,285,265,265,265,265,265,265,265,265,265,298,298,298,298,298,298,298,298,298,0,0,0,0,0,0,0,0,0,0,0,0,0,0,0,0,0,0,0,0,0,0,0,0,0,0,0,0,0,0,0,0,0,0,0,0
0,0,0,0,0,0,0,0,0,0,0,0,0,0,0,0,0,0,0,0,0,0,0,0,0,0,0,0,0,0,0,0,0,0,0,0,0,0,0,0,0,0,0,0,0,0,0,0,0,0,0,0,0,0,0,0,0,0,0,0,0,0,0,0,0,118,118,337,337,337,337,337,337,337,337,337,346,346,346,346,346,346,346,346,346,346,148,148,148,148,148,148,106,106,106,106,106,106,106,82,82,82,82,82,82,82,82,301,301,301,301,301,301,301,3,3,190,180,180,180,180,180,180,180,180,180,180,90,315,315,315,315,80,80,80,80,80,80,80,80,80,80,80,80,237,237,237,237,237,237,237,237,237,237,237,237,237,237,237,237,237,237,237,237,237,237,237,237,188,188,188,188,188,188,188,188,188,188,188,188,188,188,188,188,188,188,188,188,188,188,188,188,188,188,188,188,188,352,352,352,352,352,352,352,352,68,352,68,68,68,68,352,68,68,352,352,352,54,68,54,54,68,54,54,54,54,54,54,54,54,54,54,344,73,73,73,73,73,73,73,73,285,285,285,285,285,285,285,285,265,265,265,265,265,265,265,265,265,298,298,298,298,298,298,298,298,298,298,298,0,0,0,0,0,0,0,0,0,0,0,0,0,0,0,0,0,0,0,0,0,0,0,0,0,0,0,0,0,0,0,0,0,0,0
0,0,0,0,0,0,0,0,0,0,0,0,0,0,0,0,0,0,0,0,0,0,0,0,0,0,0,0,0,0,0,0,0,0,0,0,0,0,0,0,0,0,0,0,0,0,0,0,0,0,0,0,0,0,0,0,0,0,0,243,243,0,118,118,118,118,118,337,337,337,337,337,337,337,337,337,346,346,346,346,346,346,346,346,346,346,148,148,148,148,148,148,106,106,106,106,106,106,106,106,82,82,82,82,82,82,301,301,301,301,301,301,3,3,3,3,3,180,180,180,180,180,180,180,180,315,315,315,315,315,315,315,315,80,80,80,80,80,80,80,80,80,80,80,80,237,237,237,237,237,237,237,237,237,237,237,237,237,237,237,237,237,237,237,237,237,237,188,188,188,188,188,188,188,188,188,188,188,188,188,188,188,188,188,188,188,188,188,188,188,188,188,188,188,188,188,188,352,352,352,352,352,352,352,352,352,352,352,352,352,352,352,352,352,352,352,54,54,54,54,54,54,54,54,54,54,54,54,54,54,54,54,73,73,73,73,73,73,73,73,73,285,73,73,73,164,164,164,265,265,265,265,265,265,265,265,265,265,265,298,298,298,298,298,298,298,298,298,0,0,0,0,0,0,0,0,0,0,0,0,0,0,0,0,0,0,0,0,0,0,0,0,0,0,0,0,0,0,0,0,0,0,0,0
0,0,0,0,0,0,0,0,0,0,0,0,0,0,0,0,0,0,0,0,0,0,0,0,0,0,0,0,0,0,0,0,0,0,0,0,0,0,0,0,0,0,0,0,0,0,0,0,0,0,0,0,0,0,0,243,243,243,243,243,243,118,118,118,118,118,118,337,337,337,337,337,337,337,337,346,346,346,346,346,346,346,346,346,346,346,346,148,148,148,148,106,106,106,106,106,106,106,106,82,82,82,82,82,82,82,301,301,301,301,3,3,3,3,3,3,3,180,180,180,180,315,315,180,180,315,315,315,315,315,315,315,80,80,80,80,80,80,80,80,80,80,80,80,80,237,237,237,237,237,237,237,237,237,237,237,237,157,157,237,237,157,237,157,157,237,237,188,188,157,188,188,157,188,157,188,188,157,188,188,157,188,188,188,188,188,188,188,188,188,188,188,188,188,188,188,352,352,352,352,352,352,352,352,352,352,352,352,352,352,352,352,352,352,352,352,352,54,54,54,54,54,54,54,54,54,54,54,54,54,54,54,73,73,73,73,73,73,73,73,73,73,73,73,164,164,164,164,164,265,265,265,265,265,265,265,265,298,298,298,298,298,298,298,298,298,298,298,0,0,0,0,0,0,0,0,0,0,0,0,0,0,0,0,0,0,0,0,0,0,0,0,0,0,0,0,0,0,0,0,0,0,0,0
0,0,0,0,0,0,0,0,0,0,0,0,0,0,0,0,0,0,0,0,0,0,0,0,0,0,0,0,0,0,0,0,0,0,0,0,0,0,0,0,0,0,0,0,0,0,0,0,0,0,0,0,0,0,0,0,243,243,243,243,243,243,118,118,118,118,118,337,337,337,337,337,337,337,337,337,346,346,346,346,346,346,346,346,346,346,346,148,148,148,148,148,106,106,106,106,106,106,82,82,82,82,82,82,82,82,82,301,3,3,3,3,3,3,3,3,315,315,180,180,315,315,315,315,315,315,315,315,315,315,315,315,80,80,80,80,80,80,80,80,80,80,80,80,237,237,237,237,237,237,237,237,157,237,157,237,157,157,157,237,157,157,157,157,157,157,157,157,157,157,157,157,157,157,157,157,157,157,157,157,157,157,157,157,188,339,188,188,188,188,188,188,188,188,188,339,352,352,352,352,352,352,352,352,352,352,352,352,352,352,352,352,352,352,352,352,352,54,54,54,54,54,54,54,54,54,54,54,54,54,54,73,73,73,73,73,73,73,73,73,73,73,73,164,164,164,164,164,164,164,164,265,265,224,265,265,224,298,298,298,298,298,298,298,298,298,298,0,0,0,0,0,0,0,0,0,0,0,0,0,0,0,0,0,0,0,0,0,0,0,0,0,0,0,0,0,0,0,0,0,0,0,0,0
0,0,0,0,0,0,0,0,0,0,0,0,0,0,0,0,0,0,0,0,0,0,0,0,0,0,0,0,0,0,0,0,0,0,0,0,0,0,0,0,0,0,0,0,0,0,0,0,0,0,0,0,143,0,0,243,243,243,243,243,243,243,118,118,118,118,118,118,337,337,337,337,337,337,337,337,346,346,346,346,346,346,346,346,346,346,346,148,148,148,148,106,106,106,106,106,106,106,82,82,82,82,82,82,82,82,3,3,3,3,3,3,3,3,3,315,315,315,315,315,315,315,315,315,315,315,315,315,315,315,315,315,80,80,80,80,80,80,80,80,80,80,80,242,242,237,242,237,237,237,237,237,157,157,157,237,157,157,157,157,157,157,157,157,157,157,157,157,157,157,157,157,157,157,157,157,157,157,157,157,157,157,157,157,157,339,339,339,339,339,339,339,188,339,188,339,352,352,352,352,352,352,352,352,352,352,352,352,352,352,352,352,352,352,352,352,278,278,278,54,278,54,278,54,54,54,54,54,321,54,54,73,73,73,73,73,73,73,73,73,73,73,164,164,164,164,164,164,164,164,164,164,224,224,224,224,224,224,224,298,298,298,298,298,298,298,298,249,0,0,0,0,0,0,0,0,0,0,0,0,0,0,0,0,0,0,0,0,0,0,0,0,0,0,0,0,0,0,0,0,0,0,0,0
0,0,0,0,0,0,0,0,0,0,0,0,0,0,0,0,0,0,0,0,0,0,0,0,0,0,0,0,0,0,0,0,0,0,0,0,0,0,0,0,0,0,0,0,0,0,0,0,0,0,0,143,143,143,243,243,243,243,243,243,243,118,118,118,118,118,118,118,337,337,337,337,337,337,337,337,346,346,346,346,346,346,346,346,346,346,346,148,148,148,148,106,106,106,106,106,106,106,82,55,82,82,55,55,55,55,3,3,3,3,3,3,3,3,3,315,315,315,315,315,315,315,315,315,315,315,315,315,315,315,315,315,80,80,80,80,80,242,80,80,242,80,242,242,242,242,242,242,242,157,157,237,157,157,157,157,157,157,157,157,157,157,157,157,157,157,157,157,157,157,157,157,157,157,157,157,157,157,157,157,157,157,157,157,339,339,339,339,339,339,339,339,339,339,339,339,339,352,352,352,352,352,352,352,352,352,352,352,352,352,352,352,352,352,278,278,278,278,278,278,278,278,278,278,54,54,321,54,321,321,321,321,73,15,15,15,73,73,73,73,73,73,164,164,164,164,164,164,164,164,164,224,224,224,224,224,224,224,224,298,298,249,298,249,249,249,249,249,0,0,0,0,0,0,0,0,0,0,0,0,0,0,0,0,0,0,0,0,0,0,0,0,0,0,0,0,0,0,0,0,0,0,0,0
0,0,0,0,0,0,0,0,0,0,0,0,0,0,0,0,0,0,0,0,0,0,0,0,0,0,0,0,0,0,0,0,0,0,0,0,0,0,0,0,0,0,0,0,0,0,143,143,143,143,143,143,143,143,243,243,243,243,243,243,118,118,118,118,118,118,118,337,337,337,337,337,337,337,337,337,346,346,346,346,346,346,346,346,346,148,148,148,148,148,148,106,106,106,106,106,106,106,55,55,55,55,55,55,55,55,3,3,3,3,141,141,3,315,315,315,315,315,315,315,315,315,315,315,315,315,315,315,315,315,315,315,80,80,80,80,242,242,242,242,242,242,242,242,242,242,242,242,242,242,157,157,157,157,157,157,157,157,157,157,157,157,157,157,157,157,157,157,157,157,157,157,157,157,157,157,157,157,157,157,157,157,157,339,339,339,339,339,339,339,339,339,339,339,339,339,339,339,339,352,352,352,352,352,352,352,352,352,352,352,352,352,352,352,278,278,278,278,278,278,278,278,278,278,278,321,321,321,321,321,321,321,321,15,15,15,73,73,15,73,73,73,164,164,164,164,164,164,164,164,164,224,224,224,224,224,224,224,224,224,224,249,249,249,249,249,249,0,0,0,0,0,0,0,0,0,0,0,0,0,0,0,0,0,0,0,0,0,0,0,0,0,0,0,0,0,0,0,0,0,0,0,0,0
0,0,0,0,0,0,0,0,0,0,0,0,0,0,0,0,0,0,0,0,0,0,0,0,0,0,0,0,0,0,0,0,0,0,0,0,0,0,0,0,0,0,0,135,0,0,143,143,143,143,143,143,143,143,243,243,243,243,243,118,118,118,118,118,118,118,337,337,337,337,337,337,337,337,217,217,217,217,346,346,346,346,346,346,346,346,148,148,148,148,148,106,106,106,332,332,106,55,55,55,55,55,55,55,55,55,55,141,3,141,141,141,141,315,315,315,315,315,315,315,315,315,315,315,315,315,315,315,80,315,80,315,80,80,80,80,242,242,242,242,242,242,242,242,242,242,242,242,242,157,157,157,157,157,157,157,157,157,157,157,157,157,157,157,157,157,157,157,157,157,157,157,157,157,157,157,157,157,157,157,157,157,339,339,339,339,339,339,339,339,339,339,339,339,339,339,339,339,339,352,352,352,352,352,352,352,352,352,352,352,352,352,352,352,278,278,278,278,278,278,278,278,278,278,321,321,321,321,321,321,321,321,321,321,15,15,15,15,15,15,15,92,164,164,164,92,164,92,164,92,164,224,224,224,224,224,224,224,224,224,249,249,249,249,249,249,249,249,0,0,0,0,0,0,0,0,0,0,0,0,0,0,0,0,0,0,0,0,0,0,0,0,0,0,0,0,0,0,0,0,0,0,0,0
0,0,0,0,0,0,0,0,0,0,0,0,0,0,0,0,0,0,0,0,0,0,0,0,0,0,0,0,0,0,0,0,0,0,0,0,0,0,0,0,0,0,135,135,135,143,143,143,143,143,143,143,143,143,243,243,243,243,243,118,118,118,118,118,118,118,118,337,337,337,337,337,337,337,337,217,217,217,217,346,346,346,346,346,346,148,148,148,148,148,332,106,106,332,332,332,332,332,55,55,55,55,55,55,55,141,141,141,141,141,141,141,141,315,315,315,315,315,315,315,315,315,80,80,80,315,315,80,80,80,80,80,80,80,80,80,80,242,242,242,242,242,242,242,242,242,242,242,242,242,157,157,157,157,157,157,157,157,157,157,157,157,157,157,157,157,157,157,157,157,157,157,157,157,157,157,157,157,157,157,157,157,157,339,339,339,339,339,339,339,339,339,339,339,339,339,339,339,339,339,339,352,352,352,352,352,352,352,352,352,352,352,278,278,278,278,278,278,278,278,278,278,278,278,321,321,321,321,321,321,321,321,321,15,15,15,15,15,15,15,15,92,92,92,92,92,92,92,92,92,92,92,92,92,92,224,224,224,224,249,249,249,249,249,249,249,0,0,0,0,0,0,0,0,0,0,0,0,0,0,0,0,0,0,0,0,0,0,0,0,0,0,0,0,0,0,0,0,0,0,0,0,0,0
0,0,0,0,0,0,0,0,0,0,0,0,0,0,0,0,0,0,0,0,0,0,0,0,0,0,0,0,0,0,0,0,0,0,0,0,0,0,0,0,0,135,135,135,135,143,143,143,143,143,143,143,143,143,143,243,243,243,243,118,118,118,118,118,118,118,337,337,337,337,337,337,337,337,217,217,217,217,217,217,346,346,346,346,346,148,148,148,148,148,332,332,332,332,332,332,332,332,55,55,55,55,141,141,141,141,141,141,141,141,141,141,141,315,315,315,315,315,315,343,315,315,80,80,80,80,80,80,80,80,80,80,80,80,80,80,242,242,242,242,242,242,242,242,242,242,242,242,242,157,157,157,157,157,157,157,157,157,157,157,157,157,157,157,157,157,157,157,157,157,157,157,157,157,157,157,157,157,157,157,157,157,339,339,339,339,339,339,339,339,339,339,339,339,339,339,339,339,339,339,339,323,352,323,352,352,352,352,352,352,352,352,278,278,278,278,278,278,278,278,278,278,278,321,321,321,321,321,321,321,321,321,321,15,15,15,15,15,15,15,15,15,92,92,92,92,92,92,92,92,92,92,92,92,92,224,224,8,224,249,249,249,249,249,249,249,0,0,0,0,0,0,0,0,0,0,0,0,0,0,0,0,0,0,0,0,0,0,0,0,0,0,0,0,0,0,0,0,0,0,0,0,0,0
0,0,0,0,0,0,0,0,0,0,0,0,0,0,0,0,0,0,0,0,0,0,0,0,0,0,0,0,0,0,0,0,0,0,0,0,0,0,292,0,135,135,135,135,135,143,143,143,143,143,143,143,143,143,143,243,243,243,243,118,118,118,118,118,118,118,337,337,337,337,337,337,337,217,217,217,217,217,217,217,346,346,346,346,346,332,332,148,148,332,332,332,332,332,332,332,332,141,141,55,141,141,141,141,141,141,141,141,141,141,141,141,141,315,343,343,343,343,343,343,315,80,80,80,80,80,80,80,80,80,80,80,80,80,80,80,80,242,242,242,242,242,242,242,242,242,242,242,242,242,157,157,157,157,157,157,157,157,157,157,157,157,157,157,157,157,157,157,157,157,157,157,157,157,157,157,157,157,157,157,157,157,339,339,339,339,339,339,339,339,339,339,339,339,339,339,339,339,339,339,339,323,323,323,352,352,352,352,352,352,352,278,278,278,278,278,278,278,278,278,278,278,278,278,321,321,321,321,321,321,321,321,321,15,15,15,15,15,15,15,15,92,92,92,92,92,92,92,92,92,92,92,92,92,92,92,92,8,8,8,249,8,249,249,249,249,0,0,0,0,0,0,0,0,0,0,0,0,0,0,0,0,0,0,0,0,0,0,0,0,0,0,0,0,0,0,0,0,0,0,0,0,0,0
0,0,0,0,0,0,0,0,0,0,0,0,0,0,0,0,0,0,0,0,0,0,0,0,0,0,0,0,0,0,0,0,0,0,292,292,292,292,292,135,135,135,135,135,143,143,143,143,143,143,143,143,143,143,143,243,243,118,118,118,118,118,118,118,118,118,337,337,337,337,337,337,337,337,217,217,217,217,217,217,332,332,332,332,332,332,332,332,332,332,332,332,332,332,332,141,141,141,141,141,141,141,141,141,141,141,141,141,141,141,141,131,343,343,343,343,343,343,343,343,343,343,80,80,80,80,80,80,80,80,80,80,80,80,80,80,242,242,242,242,242,242,242,242,242,242,242,242,242,242,157,157,157,157,157,157,157,157,157,157,157,157,157,157,157,157,157,157,157,157,157,157,157,157,157,157,157,157,157,157,157,339,339,339,339,339,339,339,339,339,339,339,339,339,339,339,339,339,339,339,323,323,323,323,323,323,323,352,323,352,278,278,278,278,278,278,278,278,278,278,278,278,321,321,321,321,321,321,321,321,321,321,321,321,15,15,15,15,15,15,15,15,92,92,92,92,92,92,92,92,92,92,92,92,92,92,8,8,8,8,8,8,8,249,249,249,0,0,0,0,0,0,0,0,0,0,0,0,0,0,0,0,0,0,0,0,0,0,0,0,0,0,0,0,0,0,0,0,0,0,0,0,0,0
0,0,0,0,0,0,0,0,0,0,0,0,0,0,0,0,0,0,0,0,0,0,0,0,0,0,0,0,0,0,0,0,0,292,292,292,292,292,292,135,135,135,135,135,143,143,143,143,143,143,143,143,143,143,143,243,118,118,118,118,118,118,118,118,118,118,337,337,337,337,337,337,337,217,217,217,217,217,217,217,332,332,332,332,332,332,332,332,332,332,332,332,332,332,141,141,141,141,141,141,141,141,141,141,141,141,141,141,141,131,131,131,131,343,343,343,343,343,343,343,343,80,80,80,80,80,80,80,80,80,80,80,80,80,80,80,242,242,242,242,242,242,242,242,242,242,242,242,242,242,157,157,157,157,157,157,157,157,157,157,157,157,157,157,157,157,157,157,157,157,157,157,157,157,157,157,157,157,157,157,339,339,339,339,339,339,339,339,339,339,339,339,339,339,339,339,339,339,323,323,323,323,323,323,323,323,323,323,323,323,323,278,278,278,278,278,278,278,278,278,278,278,321,321,321,321,321,321,321,321,321,321,321,15,15,15,15,15,15,15,15,92,92,92,92,92,92,92,92,92,92,92,92,92,92,8,8,8,8,8,8,8,8,8,249,0,0,0,0,0,0,0,0,0,0,0,0,0,0,0,0,0,0,0,0,0,0,0,0,0,0,0,0,0,0,0,0,0,0,0,0,0,0,0
0,0,0,0,0,0,0,0,0,0,0,0,0,0,0,0,0,0,0,0,0,0,0,0,0,0,0,0,0,0,88,0,0,292,292,292,292,292,292,135,135,135,135,135,135,143,143,143,143,143,143,143,143,143,243,243,243,118,118,118,118,118,118,118,118,337,337,337,337,337,337,337,337,337,217,217,217,217,217,217,332,332,332,332,332,332,332,332,332,332,141,332,332,332,141,141,141,141,141,141,141,141,141,131,131,131,131,131,131,131,131,131,343,343,343,343,343,343,343,343,343,80,80,80,80,80,80,80,80,80,80,80,80,80,80,242,242,242,242,242,242,242,242,242,242,242,242,242,242,242,242,242,157,157,157,157,157,157,157,157,157,157,123,123,123,123,123,157,157,157,123,157,157,157,157,157,157,157,157,157,339,339,339,339,339,339,339,339,339,339,339,339,339,339,339,339,339,339,323,323,323,323,323,323,323,323,323,323,323,323,323,323,278,323,278,278,278,278,278,278,278,278,321,321,321,321,321,321,321,321,321,321,321,15,15,244,15,15,15,15,15,15,92,92,92,92,92,92,92,92,92,92,92,92,92,8,8,8,8,8,8,8,8,8,8,0,0,0,0,0,0,0,0,0,0,0,0,0,0,0,0,0,0,0,0,0,0,0,0,0,0,0,0,0,0,0,0,0,0,0,0,0,0,0
0,0,0,0,0,0,0,0,0,0,0,0,0,0,0,0,0,0,0,0,0,0,0,0,0,0,0,0,0,88,88,88,292,292,292,292,292,292,292,135,135,135,135,135,143,143,143,143,143,143,143,143,143,143,143,118,118,118,118,118,118,118,118,118,118,337,337,337,337,337,337,337,337,217,217,250,217,217,217,332,332,332,332,332,332,332,332,332,141,141,141,141,141,141,141,141,141,141,141,141,141,131,131,131,131,131,131,131,131,131,131,131,131,343,343,343,343,343,343,343,343,80,80,80,80,80,80,80,80,80,80,80,80,80,145,145,145,145,242,145,242,145,145,145,242,242,242,242,242,242,205,205,205,205,205,205,205,205,157,123,123,123,123,123,123,123,123,123,123,123,123,123,157,157,157,157,157,157,157,339,339,339,339,339,339,339,339,339,339,339,339,339,339,339,339,339,323,323,323,323,323,323,323,323,323,323,323,323,323,323,323,323,323,323,278,278,278,278,278,278,278,278,321,321,321,321,321,321,321,321,244,244,244,244,244,244,244,244,244,244,15,92,92,92,92,92,92,92,92,92,92,92,92,92,8,8,8,8,8,8,8,8,8,8,0,0,0,0,0,0,0,0,0,0,0,0,0,0,0,0,0,0,0,0,0,0,0,0,0,0,0,0,0,0,0,0,0,0,0,0,0,0,0,0
0,0,0,0,0,0,0,0,0,0,0,0,0,0,0,0,0,0,0,0,0,0,0,0,0,0,0,0,88,88,88,88,292,292,292,292,292,292,135,135,135,135,135,135,143,143,143,143,143,143,143,143,143,143,143,118,118,118,118,118,118,118,118,118,118,337,337,337,337,337,337,337,250,250,250,250,250,250,250,332,332,332,332,332,332,332,141,332,141,141,141,141,141,141,141,141,141,131,131,131,131,131,131,131,131,131,131,131,131,131,131,131,343,343,343,343,343,343,343,343,80,80,80,80,80,80,80,80,80,80,80,80,80,145,145,145,145,145,145,145,145,145,145,145,145,242,242,145,242,205,205,205,205,205,205,205,205,205,157,123,123,123,123,123,123,123,123,123,123,123,123,123,123,132,132,132,132,157,157,132,339,339,339,339,339,339,339,339,339,339,339,339,339,339,339,323,323,323,323,323,323,323,323,323,323,323,323,323,323,323,323,323,323,323,41,278,41,278,41,278,278,321,321,321,321,321,321,321,321,244,244,244,244,244,244,244,244,244,244,244,15,15,92,92,92,92,92,92,92,92,92,92,92,92,92,8,8,8,8,8,8,8,8,0,0,0,0,0,0,0,0,0,0,0,0,0,0,0,0,0,0,0,0,0,0,0,0,0,0,0,0,0,0,0,0,0,0,0,0,0,0,0,0,0
0,0,0,0,0,0,0,0,0,0,0,0,0,0,0,0,0,0,0,0,0,0,0,0,0,0,0,0,88,88,88,88,88,292,292,292,292,292,292,135,135,135,135,143,143,143,143,143,143,143,143,143,143,143,118,118,118,118,118,118,118,118,118,118,337,337,337,337,337,337,250,337,250,250,250,250,250,250,332,332,332,332,155,332,332,332,141,141,141,141,141,141,141,141,141,131,131,131,131,131,131,131,131,131,131,131,131,131,131,131,131,343,343,343,343,343,343,343,343,343,80,80,80,80,80,80,80,80,80,80,80,80,145,145,145,145,145,145,145,145,145,145,145,145,145,145,145,145,145,205,205,205,205,205,205,205,205,205,205,123,123,123,123,123,123,123,123,123,123,123,123,123,132,132,132,132,132,132,132,132,132,339,339,339,339,339,339,339,339,339,339,339,339,339,339,323,323,323,323,323,323,323,323,323,323,323,323,323,323,323,323,323,323,41,41,41,41,41,41,41,321,321,321,321,321,321,321,321,244,244,244,244,244,244,244,244,244,244,244,244,244,185,185,185,92,92,185,185,92,92,92,92,92,8,8,8,8,8,8,8,8,8,8,0,0,0,0,0,0,0,0,0,0,0,0,0,0,0,0,0,0,0,0,0,0,0,0,0,0,0,0,0,0,0,0,0,0,0,0,0,0,0,0,0
0,0,0,0,0,0,0,0,0,0,0,0,0,0,0,0,0,0,0,0,0,0,0,0,0,0,88,88,88,88,88,88,88,292,292,292,292,292,135,135,135,229,135,143,143,143,143,143,143,143,143,143,143,118,118,118,118,118,118,118,118,118,118,118,118,118,250,337,250,337,250,250,250,250,250,250,250,250,250,155,332,155,155,155,332,332,141,141,141,131,131,131,131,131,131,131,131,131,131,131,131,131,131,131,131,131,131,131,131,131,131,343,343,343,343,343,343,343,343,343,80,80,80,80,80,80,80,80,80,80,80,80,145,145,145,145,145,145,145,145,145,145,145,145,145,145,145,145,205,205,205,205,205,205,205,205,205,205,205,123,123,123,123,123,123,123,123,123,123,123,123,132,132,132,132,132,132,132,132,132,132,132,339,339,339,339,339,339,339,339,339,339,339,339,323,323,323,323,323,323,323,323,323,323,323,323,323,323,323,323,323,323,41,41,41,41,41,41,41,41,41,41,41,321,345,321,345,321,244,244,244,244,244,244,244,244,244,244,244,185,185,185,185,185,185,185,185,185,185,92,92,92,8,8,8,8,8,8,8,8,8,8,8,0,0,0,0,0,0,0,0,0,0,0,0,0,0,0,0,0,0,0,0,0,0,0,0,0,0,0,0,0,0,0,0,0,0,0,0,0,0,0,0,0
0,0,0,0,0,0,0,0,0,0,0,0,0,0,0,0,0,0,0,0,0,0,0,0,0,88,88,88,88,88,88,88,292,292,292,292,292,292,135,135,229,229,229,143,143,143,143,143,143,143,143,143,143,118,118,118,118,118,118,118,118,118,118,118,250,250,250,250,250,250,250,250,250,250,250,250,250,155,155,155,155,155,155,155,155,6,141,141,141,131,131,131,131,131,131,131,131,131,131,131,131,131,131,131,131,131,131,131,131,131,131,343,343,343,343,343,343,343,343,80,80,80,80,80,80,80,80,80,80,80,145,145,145,145,145,145,145,145,145,145,145,145,145,145,145,145,145,145,205,205,205,205,205,205,205,205,205,205,123,123,123,123,123,123,123,123,123,123,123,123,132,132,132,132,132,132,132,132,132,132,132,132,132,132,132,339,168,339,168,168,339,339,339,339,323,323,323,323,323,323,323,323,323,323,323,323,323,323,323,323,323,323,41,41,41,41,41,41,41,41,41,41,41,41,345,345,345,321,345,244,244,244,244,244,244,244,244,244,244,244,185,185,185,185,185,185,185,185,185,185,92,8,8,8,8,8,8,8,8,8,8,8,0,0,0,0,0,0,0,0,0,0,0,0,0,0,0,0,0,0,0,0,0,0,0,0,0,0,0,0,0,0,0,0,0,0,0,0,0,0,0,0,0,0
0,0,0,0,0,0,0,0,0,0,0,0,0,0,0,0,0,0,0,0,0,0,116,116,116,116,88,88,88,88,88,88,88,292,292,292,292,229,229,229,229,229,229,143,143,143,143,143,143,143,143,143,143,143,118,118,118,118,118,118,118,118,250,118,250,250,250,250,250,250,250,250,250,250,250,250,155,155,155,155,155,155,155,155,155,6,6,6,6,131,131,131,131,131,131,131,131,2,131,2,131,2,2,2,2,131,93,131,93,93,131,131,93,343,343,343,343,343,93,80,80,80,80,80,80,80,80,80,80,80,16,145,145,145,145,145,145,145,145,145,145,145,145,145,145,145,205,205,205,205,205,205,205,205,205,205,205,205,123,123,123,123,123,123,123,123,123,123,123,123,132,132,132,132,132,132,132,132,132,132,132,132,132,132,132,168,168,168,168,168,339,168,168,323,323,323,323,323,323,323,323,323,323,323,323,323,323,323,323,323,323,323,41,41,41,41,41,41,41,41,41,41,41,345,345,345,345,345,345,244,244,244,244,244,244,244,244,244,185,185,185,185,185,185,185,185,185,185,185,185,185,8,8,8,8,8,8,8,8,8,8,0,0,0,0,0,0,0,0,0,0,0,0,0,0,0,0,0,0,0,0,0,0,0,0,0,0,0,0,0,0,0,0,0,0,0,0,0,0,0,0,0,0,0
0,0,0,0,0,0,0,0,0,0,0,0,0,0,0,0,0,0,0,0,0,116,116,116,116,116,88,88,88,88,88,88,292,292,292,292,292,229,229,229,229,229,229,143,143,143,143,143,143,143,143,143,143,118,118,118,118,118,253,253,250,250,250,250,250,250,250,250,250,250,250,250,250,250,155,155,155,155,155,155,155,6,155,6,6,6,6,6,154,131,131,154,154,154,131,154,154,2,2,2,2,2,2,2,2,93,93,93,93,93,93,93,93,93,343,343,343,343,93,93,16,80,80,16,16,16,80,80,16,16,16,145,145,145,145,145,145,145,145,145,145,145,145,145,145,145,145,205,205,205,205,205,205,205,205,205,123,123,123,123,123,123,123,123,123,123,123,123,123,132,132,132,132,132,132,132,132,132,132,132,132,132,132,132,168,168,168,168,168,168,168,168,168,168,323,323,323,323,323,323,323,323,323,323,323,323,323,323,323,323,41,41,41,41,41,41,41,41,41,41,41,345,345,345,345,345,345,345,345,345,345,345,244,345,244,244,244,185,185,185,185,185,185,185,185,185,185,185,185,185,185,8,8,8,8,8,8,8,8,8,0,0,0,0,0,0,0,0,0,0,0,0,0,0,0,0,0,0,0,0,0,0,0,0,0,0,0,0,0,0,0,0,0,0,0,0,0,0,0,0,0,0,0,0
0,0,0,0,0,0,0,0,0,0,0,0,0,0,0,0,0,0,0,0,116,116,116,116,116,88,88,88,88,88,88,88,292,292,292,292,292,229,229,229,229,229,143,143,143,143,143,143,143,143,143,143,143,143,118,118,118,253,253,253,250,250,250,250,250,250,250,250,250,250,250,250,250,250,250,155,155,6,155,6,155,6,6,6,6,6,6,154,154,154,154,154,154,154,154,154,154,2,2,2,2,2,2,2,2,93,93,93,93,93,93,93,93,93,93,93,93,93,93,93,16,16,16,16,16,16,16,16,16,16,16,16,16,145,145,145,145,145,16,145,145,145,145,145,145,145,205,205,205,205,205,205,205,205,205,205,205,123,123,123,123,123,123,123,123,123,123,123,123,132,132,132,132,132,132,132,132,132,132,132,132,132,132,132,168,168,168,168,168,168,168,168,168,168,168,168,168,168,323,323,323,323,323,323,323,323,323,323,323,323,41,41,41,41,41,41,41,41,41,41,41,41,345,345,345,345,345,345,345,345,345,345,345,345,345,345,345,185,185,185,185,185,185,185,185,185,185,185,185,185,4,4,4,4,4,4,8,8,8,8,0,0,0,0,0,0,0,0,0,0,0,0,0,0,0,0,0,0,0,0,0,0,0,0,0,0,0,0,0,0,0,0,0,0,0,0,0,0,0,0,0,0,0,0
0,0,0,0,0,0,0,0,0,0,0,0,0,0,0,0,0,0,0,0,116,116,116,116,88,88,88,88,88,88,88,292,292,292,292,292,292,229,229,229,229,229,143,143,143,143,143,143,143,143,143,143,253,253,253,253,253,253,253,250,250,250,250,250,250,250,250,250,250,6,250,250,250,6,6,155,6,6,6,6,6,6,6,6,154,6,154,154,154,154,154,154,154,154,154,154,2,2,2,2,2,2,2,2,2,93,93,93,93,93,93,93,93,93,93,93,93,93,93,93,16,16,16,16,16,16,16,16,16,16,16,16,16,16,16,16,16,16,16,16,16,145,16,145,145,205,205,16,205,205,205,205,205,205,205,205,123,123,123,123,123,123,123,123,123,123,123,123,123,132,132,132,132,132,132,132,132,132,132,132,132,132,132,132,168,168,168,168,168,168,168,168,168,168,168,168,168,168,323,323,323,323,323,194,323,323,194,323,323,323,41,41,41,41,41,41,41,41,41,41,41,345,345,345,345,345,345,345,345,345,345,345,345,345,345,345,345,345,83,185,185,185,185,185,185,185,185,185,185,185,4,4,4,4,4,4,4,4,8,0,0,0,0,0,0,0,0,0,0,0,0,0,0,0,0,0,0,0,0,0,0,0,0,0,0,0,0,0,0,0,0,0,0,0,0,0,0,0,0,0,0,0,0,0
0,0,0,0,0,0,0,0,0,0,0,0,0,0,0,0,0,0,116,116,116,116,116,116,116,88,88,88,88,88,292,292,292,292,292,292,292,229,229,229,229,229,229,143,143,143,143,143,143,143,143,253,253,253,253,253,253,253,253,250,250,250,250,250,250,250,109,109,6,6,6,250,6,6,6,6,6,6,6,6,6,6,6,154,154,154,154,154,154,154,154,154,154,154,154,154,2,2,2,2,2,2,2,2,93,93,93,93,93,93,93,93,93,93,93,93,93,93,93,93,16,16,16,16,16,16,16,16,16,16,16,16,16,16,16,16,16,16,16,16,16,16,16,16,16,16,16,16,16,205,205,200,205,200,205,200,123,123,200,200,123,123,123,123,123,123,123,123,132,132,132,132,132,132,132,132,132,132,132,132,132,132,168,168,168,168,168,168,168,168,168,168,168,168,168,168,168,168,168,323,194,194,194,194,194,194,194,194,194,194,194,194,41,41,41,41,41,41,41,41,345,345,345,345,345,345,345,345,345,345,345,345,345,345,345,345,83,83,83,83,185,83,185,185,185,185,185,185,185,4,4,4,4,4,4,4,4,4,0,0,0,0,0,0,0,0,0,0,0,0,0,0,0,0,0,0,0,0,0,0,0,0,0,0,0,0,0,0,0,0,0,0,0,0,0,0,0,0,0,0,0,0,0,0
0,0,0,0,0,0,0,0,0,0,0,0,0,0,0,0,0,116,116,116,116,116,116,116,88,88,88,88,88,88,88,292,292,292,292,292,292,229,229,229,229,229,143,143,143,143,143,143,179,179,253,253,253,253,253,253,253,253,253,250,109,109,250,250,109,109,109,109,109,6,6,6,6,6,6,6,6,6,6,6,6,154,154,154,154,154,154,154,154,154,154,154,154,154,154,2,2,2,2,2,2,2,2,2,2,93,93,93,93,93,93,93,93,93,93,93,93,93,16,16,16,16,16,16,16,16,16,16,16,16,16,16,16,16,16,16,16,16,16,16,16,16,16,16,16,16,16,16,16,200,200,200,200,200,200,200,200,200,200,200,200,200,200,123,200,123,123,123,132,132,132,132,132,132,132,132,132,132,132,132,132,132,132,168,168,168,168,168,168,168,168,168,168,168,168,168,168,168,168,168,194,194,194,194,194,194,194,194,194,194,194,194,194,194,41,41,41,41,41,41,345,345,345,345,345,345,345,345,345,345,345,345,345,345,345,83,83,83,83,83,83,83,83,83,83,185,185,185,4,4,4,4,4,4,4,4,4,0,0,0,0,0,0,0,0,0,0,0,0,0,0,0,0,0,0,0,0,0,0,0,0,0,0,0,0,0,0,0,0,0,0,0,0,0,0,0,0,0,0,0,0,0,0,0
0,0,0,0,0,0,0,0,0,0,0,0,0,0,0,0,116,116,116,116,116,116,116,116,116,88,88,88,88,292,292,292,292,292,292,292,292,229,229,229,229,229,229,143,143,143,143,179,179,179,179,253,253,253,253,253,253,253,253,109,109,109,109,109,109,109,109,6,6,6,6,6,6,6,6,6,154,154,154,154,154,154,154,154,154,154,154,154,154,154,154,154,154,154,154,2,2,2,2,2,2,2,2,2,93,93,93,93,93,93,93,93,93,93,93,93,93,93,93,16,16,16,16,16,16,16,16,16,16,16,16,16,16,16,16,16,16,16,16,16,16,16,16,16,16,16,16,16,200,200,200,200,200,200,200,200,200,200,200,200,200,200,200,200,200,200,123,132,132,312,132,312,312,132,132,312,132,132,132,132,132,132,168,168,168,168,168,168,168,168,168,168,168,168,168,168,168,168,194,194,194,194,194,194,194,194,194,194,194,194,194,194,194,194,194,41,41,345,345,345,345,345,345,345,345,345,345,345,345,345,345,345,345,345,83,83,83,83,83,83,83,83,83,83,83,185,83,4,4,4,4,4,4,4,4,0,0,0,0,0,0,0,0,0,0,0,0,0,0,0,0,0,0,0,0,0,0,0,0,0,0,0,0,0,0,0,0,0,0,0,0,0,0,0,0,0,0,0,0,0,0,0,0,0
0,0,0,0,0,0,0,0,0,0,0,0,0,0,0,0,116,116,116,116,116,116,116,116,88,88,88,88,88,88,292,292,292,292,292,292,229,229,229,229,229,229,179,179,179,179,179,179,179,179,253,253,253,253,253,253,109,253,109,109,109,109,109,109,109,6,6,6,6,6,6,6,58,6,58,58,58,58,58,58,58,154,154,154,154,154,154,154,154,154,154,154,154,2,2,2,2,2,2,2,2,2,2,93,93,93,93,93,93,93,93,93,93,93,93,93,93,93,93,16,16,16,16,16,16,16,16,16,16,16,16,16,16,16,16,16,277,16,277,277,16,16,16,277,16,16,200,200,200,200,200,200,200,200,200,200,200,200,200,200,200,200,200,200,200,200,200,312,312,312,312,312,312,312,312,312,312,312,132,312,312,168,168,168,168,168,168,168,168,168,168,168,168,168,168,168,168,168,194,194,194,194,194,194,194,194,194,194,194,194,194,194,194,194,194,41,41,41,238,238,345,345,345,345,345,345,345,345,345,345,345,345,345,83,83,83,83,83,83,83,83,83,83,83,83,83,83,83,4,83,4,4,4,4,4,0,0,0,0,0,0,0,0,0,0,0,0,0,0,0,0,0,0,0,0,0,0,0,0,0,0,0,0,0,0,0,0,0,0,0,0,0,0,0,0,0,0,0,0,0,0,0,0,0
0,0,0,0,0,0,0,0,0,0,0,0,0,0,0,0,116,116,116,116,116,116,116,116,116,88,88,88,88,292,292,292,292,292,292,292,229,229,229,229,229,179,179,179,179,179,179,179,179,179,179,109,253,253,253,109,109,109,109,109,109,109,6,6,6,6,6,6,6,6,6,58,58,58,58,58,58,58,58,58,58,154,154,154,154,268,154,154,154,154,39,39,39,2,2,39,2,2,2,2,2,2,2,2,93,93,93,93,93,93,93,93,93,93,93,93,93,16,16,16,16,16,16,16,16,16,16,16,16,16,16,277,16,277,277,277,277,277,277,277,277,277,277,277,277,228,228,200,200,228,200,200,200,200,200,200,200,200,200,200,200,200,200,200,200,200,200,312,312,312,312,312,312,312,312,312,312,312,312,312,312,312,168,168,168,158,158,168,168,168,168,168,168,168,168,168,168,168,194,194,194,194,194,194,194,194,194,194,194,194,194,194,194,194,194,238,238,238,238,238,238,345,238,345,345,345,345,345,345,345,345,345,83,83,83,83,83,83,83,83,83,83,83,83,83,83,83,83,83,83,4,4,4,0,0,0,0,0,0,0,0,0,0,0,0,0,0,0,0,0,0,0,0,0,0,0,0,0,0,0,0,0,0,0,0,0,0,0,0,0,0,0,0,0,0,0,0,0,0,0,0,0,0,0
0,0,0,0,0,0,0,0,0,0,0,0,0,0,0,116,116,116,116,116,116,116,116,116,116,88,88,88,88,292,292,292,292,292,292,292,229,229,229,229,179,179,179,179,179,179,179,179,179,179,179,109,109,109,109,109,109,109,109,109,109,109,6,6,58,6,6,58,6,6,58,58,58,58,58,58,58,58,58,268,268,268,268,268,268,268,268,268,268,268,39,39,39,39,39,39,39,20,20,2,20,20,20,20,20,93,20,20,20,20,93,93,93,93,93,81,16,16,16,16,16,16,16,16,16,16,16,16,16,16,277,277,277,277,277,277,277,277,277,277,277,277,277,277,277,228,228,228,228,228,200,228,200,200,200,200,200,200,200,200,200,200,200,200,200,312,312,312,312,312,312,312,312,312,312,312,312,312,312,312,312,158,158,158,158,158,158,158,168,168,158,158,158,168,168,168,168,168,194,194,194,194,194,194,194,194,194,194,194,194,194,194,194,194,194,238,238,238,238,238,238,238,238,238,238,345,345,345,345,345,83,83,83,83,83,83,83,83,83,83,83,83,83,83,83,83,83,83,83,83,4,4,0,0,0,0,0,0,0,0,0,0,0,0,0,0,0,0,0,0,0,0,0,0,0,0,0,0,0,0,0,0,0,0,0,0,0,0,0,0,0,0,0,0,0,0,0,0,0,0,0,0,0,0
0,0,0,0,0,0,0,0,0,0,0,0,0,116,116,116,116,116,116,116,116,116,116,88,88,88,88,88,88,292,292,292,292,292,292,292,229,11,11,11,179,179,179,179,179,179,179,179,179,109,109,109,109,109,109,109,109,109,109,109,109,109,109,109,58,58,58,58,58,58,58,58,58,58,58,58,58,58,268,268,268,268,268,268,268,268,268,268,268,268,39,39,39,39,39,39,39,20,20,20,20,20,20,20,20,20,20,20,20,20,20,20,93,93,81,81,16,16,16,81,81,16,16,16,16,16,16,16,16,16,277,277,277,277,277,277,277,277,277,277,277,277,277,277,228,228,228,228,228,228,228,228,200,228,200,200,200,200,200,200,200,200,200,200,200,312,312,312,312,312,312,312,312,312,312,312,312,312,312,312,312,158,158,158,158,158,158,158,158,158,158,158,158,158,168,168,168,158,194,194,194,194,194,194,194,194,194,194,194,194,194,194,194,194,238,238,238,238,238,238,238,238,238,238,238,345,238,345,345,345,83,83,83,83,83,83,83,83,83,83,83,83,83,83,83,83,83,83,83,83,83,0,0,0,0,0,0,0,0,0,0,0,0,0,0,0,0,0,0,0,0,0,0,0,0,0,0,0,0,0,0,0,0,0,0,0,0,0,0,0,0,0,0,0,0,0,0,0,0,0,0,0,0,0
0,0,0,0,0,0,0,0,0,0,0,0,0,0,116,116,116,116,116,116,116,116,116,88,88,88,88,88,292,292,292,292,292,11,11,292,11,11,11,11,179,179,179,179,179,109,179,109,109,109,109,109,109,109,109,327,327,327,327,58,58,58,58,58,58,58,58,58,58,58,58,58,58,58,58,58,58,58,58,268,268,268,268,268,268,268,268,268,268,39,39,39,39,39,39,39,39,20,20,20,20,20,20,20,20,20,20,20,20,20,20,81,81,81,81,81,81,81,81,81,81,81,16,81,16,16,16,16,277,277,277,277,277,277,277,277,277,277,277,277,277,277,277,228,228,228,228,228,228,228,228,228,228,228,228,200,200,200,200,200,200,200,200,200,312,312,312,312,312,312,312,312,312,312,312,312,312,312,312,312,158,158,158,158,158,158,158,158,158,158,158,158,158,158,158,158,158,158,194,194,194,194,194,194,194,194,194,194,194,194,194,194,194,194,238,238,238,238,238,238,238,238,238,238,238,238,238,238,238,238,83,83,83,83,83,83,83,83,83,83,83,83,83,83,83,83,83,83,0,0,0,0,0,0,0,0,0,0,0,0,0,0,0,0,0,0,0,0,0,0,0,0,0,0,0,0,0,0,0,0,0,0,0,0,0,0,0,0,0,0,0,0,0,0,0,0,0,0,0,0,0,0,0,0
0,0,0,0,0,0,0,0,0,0,0,0,116,116,116,116,116,116,116,116,116,116,116,88,88,88,88,88,88,292,292,11,11,11,11,11,11,11,11,11,11,179,109,179,179,109,109,109,109,109,109,109,109,109,109,327,327,327,58,58,58,58,58,58,58,58,58,58,58,58,58,58,58,58,58,58,58,268,268,268,268,268,268,268,268,268,268,268,39,39,39,39,39,39,39,20,20,20,20,20,20,20,20,20,20,20,20,20,20,20,81,81,81,81,81,81,81,81,81,81,81,81,81,81,81,81,165,277,277,277,165,277,277,277,277,277,277,277,277,277,277,277,277,277,228,228,228,228,228,228,228,228,228,228,228,200,200,200,200,200,200,200,231,312,312,312,312,312,312,312,312,312,312,312,312,312,312,312,312,312,158,158,158,158,158,158,158,158,158,158,158,158,158,158,158,158,158,158,158,194,194,76,194,194,194,194,194,194,194,194,194,194,194,238,238,238,238,238,238,238,238,238,238,238,238,238,238,238,350,350,350,350,350,83,83,83,83,83,83,83,83,83,83,83,83,83,83,83,0,0,0,0,0,0,0,0,0,0,0,0,0,0,0,0,0,0,0,0,0,0,0,0,0,0,0,0,0,0,0,0,0,0,0,0,0,0,0,0,0,0,0,0,0,0,0,0,0,0,0,0,0,0,0,0
0,0,0,0,0,0,0,0,0,0,0,0,0,116,116,116,116,116,116,116,116,116,116,116,88,88,88,88,11,11,11,11,11,11,11,11,11,11,11,11,11,11,109,109,109,109,109,109,109,109,109,109,109,109,327,327,327,327,327,58,58,58,58,58,58,58,58,58,58,58,58,58,58,58,58,58,58,58,268,268,268,268,268,268,268,268,39,39,39,39,39,39,39,39,20,20,20,20,20,20,20,20,20,20,20,20,20,20,81,81,81,81,81,81,81,81,81,81,81,81,81,81,81,81,81,81,165,165,165,165,165,165,277,165,277,277,277,277,277,277,277,277,277,228,228,228,228,228,228,228,228,228,228,228,228,228,228,228,200,200,200,231,231,231,312,312,312,312,312,312,312,312,312,312,312,312,312,312,312,312,158,158,158,158,158,158,158,158,158,158,158,158,158,158,158,158,158,158,158,158,76,76,76,76,76,194,194,76,194,194,194,194,238,238,238,238,238,238,238,238,238,238,238,238,238,238,238,350,350,350,350,350,350,350,83,83,83,83,83,83,83,83,83,83,83,83,83,0,0,0,0,0,0,0,0,0,0,0,0,0,0,0,0,0,0,0,0,0,0,0,0,0,0,0,0,0,0,0,0,0,0,0,0,0,0,0,0,0,0,0,0,0,0,0,0,0,0,0,0,0,0,0,0,0
0,0,0,0,0,0,0,0,0,0,0,0,0,116,116,116,116,116,116,116,116,116,116,116,11,11,11,11,11,11,11,11,11,11,11,193,193,11,193,193,109,109,109,109,109,109,109,109,327,109,327,327,327,327,327,327,327,327,327,58,58,58,58,58,58,58,58,58,58,58,58,58,58,58,58,58,268,268,268,268,268,268,268,268,268,268,39,39,39,39,39,39,39,39,39,20,20,20,20,20,20,20,20,20,20,20,20,20,81,81,81,81,81,81,81,81,81,81,81,81,81,81,81,81,81,81,165,165,165,165,165,165,165,165,165,165,165,277,165,277,277,228,228,228,228,228,228,228,228,228,228,228,228,228,228,228,228,228,231,231,231,231,231,231,231,231,312,312,312,312,312,312,312,312,312,312,312,312,158,158,158,158,158,158,158,158,158,158,158,158,158,158,158,158,158,158,158,158,76,76,76,76,76,76,76,76,76,76,76,76,194,194,238,238,238,238,238,238,238,238,238,238,238,238,238,238,238,238,350,350,350,350,350,350,350,83,350,350,83,83,83,83,83,0,0,0,0,0,0,0,0,0,0,0,0,0,0,0,0,0,0,0,0,0,0,0,0,0,0,0,0,0,0,0,0,0,0,0,0,0,0,0,0,0,0,0,0,0,0,0,0,0,0,0,0,0,0,0,0,0,0,0,0,0
0,0,0,0,0,0,0,0,0,0,0,0,0,0,116,116,116,116,116,116,116,116,116,116,11,11,11,11,11,11,11,11,11,193,193,193,193,193,193,193,193,109,109,109,327,109,327,327,327,327,327,327,327,327,327,327,327,327,327,58,58,58,58,58,58,58,58,58,58,58,58,58,58,58,58,58,268,268,268,268,268,268,268,268,268,268,39,39,39,39,39,39,39,20,20,20,20,20,20,20,20,20,20,20,20,20,20,81,81,81,81,81,81,81,81,81,81,81,81,81,81,81,81,81,81,81,165,165,165,165,165,165,165,165,165,165,165,165,165,175,277,175,175,175,228,228,228,228,228,228,228,228,228,228,228,228,228,231,231,231,231,231,231,231,231,231,231,231,231,312,312,312,312,312,312,312,312,312,158,158,158,158,158,158,158,158,158,158,158,158,158,158,158,158,158,158,158,158,76,76,76,76,76,76,76,76,76,76,76,76,76,76,238,238,238,238,238,238,238,238,238,238,238,238,238,238,238,350,350,350,350,350,350,350,350,350,350,350,350,350,350,83,83,0,0,0,0,0,0,0,0,0,0,0,0,0,0,0,0,0,0,0,0,0,0,0,0,0,0,0,0,0,0,0,0,0,0,0,0,0,0,0,0,0,0,0,0,0,0,0,0,0,0,0,0,0,0,0,0,0,0,0,0,0
0,0,0,0,0,0,0,0,0,0,0,0,0,0,116,116,116,116,116,11,11,11,11,11,11,11,11,11,11,11,11,193,193,193,193,193,193,193,193,193,193,193,327,327,327,327,327,327,327,327,327,327,327,327,327,327,327,327,327,327,58,58,58,58,58,58,58,58,58,58,58,58,58,58,58,58,268,268,268,268,268,268,268,268,268,268,39,39,39,39,39,39,39,20,20,20,20,20,20,20,20,20,20,20,20,20,81,81,81,81,81,81,81,81,81,81,81,81,81,81,81,81,81,81,165,165,165,165,165,165,165,165,165,165,165,165,165,165,165,175,175,175,175,175,175,228,175,228,228,228,228,228,228,228,228,228,231,231,231,231,231,231,231,231,231,231,231,231,231,152,152,312,312,152,312,312,312,158,158,158,158,158,158,158,158,158,158,158,158,158,158,158,158,158,158,158,158,158,76,76,76,76,76,76,76,76,76,76,76,76,76,76,76,238,238,238,238,238,238,238,238,238,238,238,238,238,350,350,350,350,350,350,350,350,350,350,350,350,350,0,350,0,0,0,0,0,0,0,0,0,0,0,0,0,0,0,0,0,0,0,0,0,0,0,0,0,0,0,0,0,0,0,0,0,0,0,0,0,0,0,0,0,0,0,0,0,0,0,0,0,0,0,0,0,0,0,0,0,0,0,0,0,0,0
0,0,0,0,0,0,0,0,0,0,0,0,0,0,0,0,116,11,116,11,11,11,11,11,11,11,11,11,11,11,11,193,193,193,193,193,193,193,193,193,193,193,193,327,327,327,327,327,327,327,327,327,327,327,327,327,327,327,327,246,58,58,58,58,58,58,58,58,58,58,58,58,58,58,58,268,268,268,268,268,268,268,268,268,39,39,39,39,39,39,39,39,39,20,20,20,20,20,20,20,20,20,20,20,20,20,81,81,81,81,81,81,81,81,81,81,81,81,81,81,81,81,81,165,165,165,165,165,165,165,165,165,165,165,165,165,165,165,175,175,175,175,175,175,175,175,175,175,228,175,175,228,228,228,228,228,228,231,231,231,231,231,231,231,231,231,231,231,152,152,152,152,152,152,152,152,152,158,158,158,158,158,158,158,158,158,158,158,158,158,158,158,158,158,158,158,76,76,76,76,76,76,76,76,76,76,76,76,76,76,76,76,76,76,238,340,340,238,238,238,238,238,238,238,238,238,350,350,350,350,350,350,350,350,350,350,350,0,350,0,0,0,0,0,0,0,0,0,0,0,0,0,0,0,0,0,0,0,0,0,0,0,0,0,0,0,0,0,0,0,0,0,0,0,0,0,0,0,0,0,0,0,0,0,0,0,0,0,0,0,0,0,0,0,0,0,0,0,0,0,0,0,0,0
0,0,0,0,0,0,0,0,0,0,0,0,0,0,0,0,116,11,11,11,11,11,11,11,11,11,11,11,193,193,193,193,193,193,193,193,193,193,193,193,239,239,239,239,239,239,239,327,327,327,327,327,246,327,246,327,246,327,327,246,246,246,246,58,246,246,246,58,58,58,58,58,58,58,268,268,268,268,268,268,268,268,268,268,39,39,39,39,39,39,39,39,20,20,20,20,20,20,20,20,20,20,20,20,81,81,81,81,81,81,81,81,81,81,81,81,81,81,81,81,81,81,165,165,165,165,165,165,165,165,165,165,165,165,165,165,165,175,175,175,175,175,175,175,175,175,175,175,175,175,175,228,175,228,228,228,231,231,231,231,231,231,231,231,231,231,231,231,152,152,152,152,152,152,152,152,152,152,152,158,158,158,158,158,158,158,158,158,158,158,158,158,158,158,158,76,76,76,76,76,76,76,76,76,76,76,76,76,76,76,76,76,76,76,76,340,340,340,238,340,238,238,238,238,238,350,350,350,350,350,350,350,350,350,350,350,350,0,0,0,0,0,0,0,0,0,0,0,0,0,0,0,0,0,0,0,0,0,0,0,0,0,0,0,0,0,0,0,0,0,0,0,0,0,0,0,0,0,0,0,0,0,0,0,0,0,0,0,0,0,0,0,0,0,0,0,0,0,0,0,0,0,0,0
0,0,0,0,0,0,0,0,0,0,0,0,0,0,0,0,0,11,11,11,11,11,11,11,11,11,11,11,133,193,193,193,193,239,193,193,239,193,239,239,239,239,239,239,239,239,239,239,239,327,327,327,246,246,246,246,246,246,246,246,246,246,246,246,246,246,246,246,246,58,246,246,58,268,268,268,246,268,246,268,268,268,268,39,39,39,39,39,39,39,39,20,20,20,20,20,20,20,20,20,20,20,20,81,81,81,81,81,81,81,81,81,81,81,81,81,81,81,81,81,81,165,165,165,165,165,165,165,165,165,165,165,165,165,165,165,165,175,175,175,175,175,175,175,175,175,175,175,175,175,175,175,175,228,14,231,231,231,231,14,231,231,231,231,231,231,231,152,152,152,152,152,152,152,152,152,152,152,152,158,152,158,158,158,158,172,158,172,158,158,172,158,172,76,76,76,76,76,76,76,76,76,76,76,76,76,76,76,76,76,76,76,76,76,340,340,340,340,340,340,340,238,238,238,350,350,350,350,350,350,350,350,350,350,0,350,0,0,0,0,0,0,0,0,0,0,0,0,0,0,0,0,0,0,0,0,0,0,0,0,0,0,0,0,0,0,0,0,0,0,0,0,0,0,0,0,0,0,0,0,0,0,0,0,0,0,0,0,0,0,0,0,0,0,0,0,0,0,0,0,0,0,0,0
0,0,0,0,0,0,0,0,0,0,0,0,0,0,0,0,11,11,11,11,11,133,133,11,11,11,11,133,133,193,193,239,193,239,239,239,239,239,239,239,239,239,239,239,239,239,239,239,239,239,246,246,246,246,246,305,246,246,246,246,246,246,246,246,246,246,246,246,246,246,246,246,246,246,246,246,246,246,246,246,268,246,268,246,246,39,39,39,39,20,20,20,20,20,20,20,20,20,20,20,20,20,81,81,81,81,81,81,81,81,81,81,81,81,81,81,81,81,81,81,81,165,165,165,165,165,165,165,165,165,165,165,165,165,175,175,175,175,175,175,175,175,175,175,175,175,175,175,175,175,175,175,175,14,14,14,14,14,14,14,14,231,231,14,14,231,231,152,152,152,152,152,152,152,152,152,152,152,152,152,152,152,158,172,172,172,172,172,172,172,172,172,172,172,76,172,76,76,76,76,76,76,76,76,76,76,76,76,76,76,76,76,76,340,340,340,340,340,340,340,340,340,340,238,340,350,350,350,350,350,350,350,350,0,0,0,0,0,0,0,0,0,0,0,0,0,0,0,0,0,0,0,0,0,0,0,0,0,0,0,0,0,0,0,0,0,0,0,0,0,0,0,0,0,0,0,0,0,0,0,0,0,0,0,0,0,0,0,0,0,0,0,0,0,0,0,0,0,0,0,0,0,0,0
0,0,0,0,0,0,0,0,0,0,0,0,0,0,0,0,0,0,11,11,11,133,133,133,133,133,133,133,133,133,133,239,239,239,239,239,239,239,239,239,239,239,239,239,239,239,239,239,239,239,239,246,246,305,305,305,305,246,305,246,246,305,305,246,246,246,246,246,246,246,246,246,246,246,246,246,246,246,246,246,246,246,246,246,246,39,246,246,246,246,20,20,20,20,20,20,20,20,20,20,20,81,81,81,81,81,81,81,81,81,81,81,81,81,81,81,81,81,81,81,81,165,165,165,165,165,165,165,165,165,165,165,165,175,175,175,175,175,175,175,175,175,175,175,175,175,175,175,175,175,175,175,175,14,14,14,14,14,14,14,14,14,14,14,14,14,231,152,152,152,152,152,152,152,152,152,152,152,152,152,172,172,172,172,172,172,172,172,172,172,172,172,172,172,172,172,76,76,76,76,76,76,76,76,76,76,76,76,76,76,76,76,76,340,340,340,340,340,340,340,340,340,340,340,340,340,340,350,350,0,0,0,0,0,0,0,0,0,0,0,0,0,0,0,0,0,0,0,0,0,0,0,0,0,0,0,0,0,0,0,0,0,0,0,0,0,0,0,0,0,0,0,0,0,0,0,0,0,0,0,0,0,0,0,0,0,0,0,0,0,0,0,0,0,0,0,0,0,0,0,0,0,0,0
0,0,0,0,0,0,0,0,0,0,0,0,0,0,0,0,0,0,133,133,11,133,133,133,133,133,133,133,133,133,133,133,133,239,239,239,239,239,239,239,239,239,239,239,239,239,239,239,239,239,239,305,305,305,305,305,305,305,305,305,305,305,305,246,246,246,181,246,181,246,181,181,246,246,246,246,246,246,246,246,246,246,246,246,246,246,246,246,246,246,246,20,20,20,20,20,20,20,20,20,81,81,81,81,81,81,81,81,81,81,81,81,81,81,81,81,81,81,81,165,165,165,165,165,165,165,165,165,165,165,165,165,165,175,175,175,175,175,175,175,175,175,175,175,175,175,175,175,175,175,175,14,14,14,14,14,14,14,14,14,14,14,14,14,14,14,14,14,152,152,152,152,152,152,152,152,152,152,152,152,172,172,172,172,172,172,172,172,172,172,172,172,172,172,172,172,172,76,76,76,76,76,76,76,76,76,76,76,76,76,76,76,340,340,340,340,340,340,340,340,340,340,340,340,340,340,340,0,350,0,0,0,0,0,0,0,0,0,0,0,0,0,0,0,0,0,0,0,0,0,0,0,0,0,0,0,0,0,0,0,0,0,0,0,0,0,0,0,0,0,0,0,0,0,0,0,0,0,0,0,0,0,0,0,0,0,0,0,0,0,0,0,0,0,0,0,0,0,0,0,0,0,0,0
0,0,0,0,0,0,0,0,0,0,0,0,0,0,0,0,0,0,133,133,133,133,133,133,133,133,133,133,133,133,133,320,320,239,239,239,320,320,320,320,320,276,276,239,276,276,239,239,239,239,305,305,305,305,305,305,305,305,305,305,305,305,305,181,181,181,181,181,181,181,181,181,246,181,181,246,246,246,246,246,246,246,246,246,246,246,246,246,246,246,246,246,246,246,20,20,20,246,20,20,81,81,81,81,81,81,81,81,81,81,81,81,81,81,81,81,81,165,81,165,165,165,165,165,165,165,165,165,165,165,165,165,165,175,175,175,175,175,175,175,175,175,175,175,175,175,175,175,175,175,175,14,14,14,14,14,14,14,14,14,14,14,14,14,14,14,14,14,14,14,152,152,152,152,152,152,152,152,152,172,172,172,172,172,172,172,172,172,172,172,172,172,172,172,172,172,172,172,76,76,76,76,76,76,76,76,76,76,76,76,76,76,340,340,340,340,340,340,340,340,340,340,340,340,340,0,340,0,0,0,0,0,0,0,0,0,0,0,0,0,0,0,0,0,0,0,0,0,0,0,0,0,0,0,0,0,0,0,0,0,0,0,0,0,0,0,0,0,0,0,0,0,0,0,0,0,0,0,0,0,0,0,0,0,0,0,0,0,0,0,0,0,0,0,0,0,0,0,0,0,0,0,0,0
0,0,0,0,0,0,0,0,0,0,0,0,0,0,0,0,0,0,133,133,133,133,133,133,133,133,133,133,133,133,320,320,320,320,320,320,320,320,320,320,320,276,276,276,276,276,276,276,239,239,276,305,305,305,305,305,305,305,305,305,305,305,305,181,181,181,181,181,181,181,181,181,181,181,181,181,246,246,246,246,246,246,246,246,246,246,246,246,246,246,246,246,246,246,246,246,246,246,246,20,81,246,81,81,81,81,81,81,81,81,81,81,81,81,81,81,81,165,165,165,165,165,165,165,165,165,165,165,165,165,165,175,175,175,175,175,175,175,175,175,175,175,175,175,175,175,175,175,175,14,14,14,14,14,14,14,14,14,14,14,14,14,14,14,14,14,14,14,331,331,331,331,331,152,331,331,331,331,152,172,172,172,172,172,172,172,172,172,172,172,172,172,172,172,172,172,172,172,172,241,76,76,76,241,241,241,76,76,76,76,340,340,340,340,340,340,340,340,340,340,340,340,0,0,340,0,0,0,0,0,0,0,0,0,0,0,0,0,0,0,0,0,0,0,0,0,0,0,0,0,0,0,0,0,0,0,0,0,0,0,0,0,0,0,0,0,0,0,0,0,0,0,0,0,0,0,0,0,0,0,0,0,0,0,0,0,0,0,0,0,0,0,0,0,0,0,0,0,0,0,0,0,0,0
0,0,0,0,0,0,0,0,0,0,0,0,0,0,0,0,0,133,133,133,133,133,133,133,133,133,133,105,105,105,320,320,320,320,320,320,320,320,320,320,320,320,276,276,276,276,276,276,276,276,276,276,276,276,276,305,305,305,305,305,305,305,181,181,181,181,181,181,181,181,181,181,181,181,181,181,246,181,150,150,150,150,246,246,246,246,246,246,246,246,246,246,246,246,246,246,246,246,246,246,246,246,246,246,81,81,81,81,81,81,81,81,81,81,81,81,165,165,165,165,165,165,165,165,165,165,165,165,165,165,165,175,175,175,175,175,175,175,175,175,175,175,175,175,175,175,175,175,175,175,14,14,14,14,14,14,14,14,14,14,14,14,14,14,14,14,14,331,331,331,331,331,331,331,331,331,331,331,331,172,172,172,172,172,172,172,172,172,172,172,172,172,172,172,172,172,172,172,172,241,241,241,241,241,241,241,76,76,241,340,340,340,340,340,340,340,340,340,340,0,340,0,0,0,0,0,0,0,0,0,0,0,0,0,0,0,0,0,0,0,0,0,0,0,0,0,0,0,0,0,0,0,0,0,0,0,0,0,0,0,0,0,0,0,0,0,0,0,0,0,0,0,0,0,0,0,0,0,0,0,0,0,0,0,0,0,0,0,0,0,0,0,0,0,0,0,0,0,0,0,0,0,0,0
0,0,0,0,0,0,0,0,0,0,0,0,0,0,0,0,0,0,0,133,133,133,105,133,133,105,105,105,105,105,105,320,320,320,320,320,320,320,320,320,320,276,276,276,276,276,276,276,276,276,276,276,276,276,276,305,319,319,305,305,305,181,181,181,181,181,181,181,181,181,181,181,181,181,181,181,181,181,150,150,150,150,150,246,246,246,246,246,246,246,246,246,246,246,246,246,246,246,246,246,246,246,218,218,218,218,218,218,81,81,81,218,81,218,81,81,81,165,165,165,165,165,165,165,165,165,165,165,165,175,175,175,175,175,175,175,175,175,175,175,175,175,175,175,175,175,175,175,14,14,14,14,14,14,14,14,14,14,14,14,14,14,14,14,14,14,331,331,331,331,331,331,331,331,331,331,331,331,331,172,172,172,172,172,172,172,172,172,172,172,172,172,172,172,172,172,241,241,241,241,241,241,241,241,241,241,241,241,241,241,241,340,340,340,340,0,0,340,340,0,0,0,0,0,0,0,0,0,0,0,0,0,0,0,0,0,0,0,0,0,0,0,0,0,0,0,0,0,0,0,0,0,0,0,0,0,0,0,0,0,0,0,0,0,0,0,0,0,0,0,0,0,0,0,0,0,0,0,0,0,0,0,0,0,0,0,0,0,0,0,0,0,0,0,0,0,0,0,0,0,0,0,0,0
0,0,0,0,0,0,0,0,0,0,0,0,0,0,0,0,0,0,0,105,105,105,105,105,105,105,105,105,105,105,105,105,105,320,320,320,320,320,320,320,320,276,276,276,276,276,276,276,276,276,276,276,276,276,319,319,319,319,319,305,319,181,181,181,181,181,181,181,181,181,181,181,181,181,181,181,181,150,150,150,150,150,150,150,150,150,150,150,150,150,246,246,246,246,246,246,246,246,246,246,218,218,218,218,218,218,218,218,218,218,218,218,218,218,81,218,81,165,165,165,165,165,165,165,165,165,165,165,175,175,175,175,175,175,175,175,175,175,175,175,175,175,175,175,175,175,175,175,14,14,14,14,14,14,14,14,14,14,14,14,14,14,14,14,14,14,331,331,331,331,331,331,331,331,331,331,331,331,331,331,331,331,172,331,172,172,172,172,172,172,172,172,172,172,241,241,241,241,241,241,241,241,241,241,241,241,241,241,241,241,241,241,241,0,0,0,0,0,0,0,0,0,0,0,0,0,0,0,0,0,0,0,0,0,0,0,0,0,0,0,0,0,0,0,0,0,0,0,0,0,0,0,0,0,0,0,0,0,0,0,0,0,0,0,0,0,0,0,0,0,0,0,0,0,0,0,0,0,0,0,0,0,0,0,0,0,0,0,0,0,0,0,0,0,0,0,0,0,0,0,0,0,0,0
0,0,0,0,0,0,0,0,0,0,0,0,0,0,0,0,0,105,105,105,105,105,105,105,105,105,105,105,105,105,105,105,105,105,320,105,105,105,320,320,276,276,276,276,276,276,276,276,276,276,276,276,276,319,319,319,319,319,319,319,319,319,181,319,181,181,181,181,181,181,181,181,181,181,181,150,150,150,150,150,150,150,150,150,150,150,150,150,150,169,169,169,246,246,246,246,246,246,246,246,246,218,218,218,218,218,218,218,218,218,218,218,218,218,218,218,218,165,218,165,165,165,165,165,165,165,165,175,175,175,175,175,175,175,175,175,175,175,175,175,175,175,175,175,175,175,175,14,14,159,14,14,14,14,14,14,14,14,14,14,14,14,14,331,331,331,331,331,331,331,331,331,331,331,331,331,331,331,331,331,331,331,331,331,331,172,172,172,172,172,172,172,172,241,241,241,241,241,241,241,241,241,241,241,241,241,241,241,241,241,0,0,0,0,0,0,0,0,0,0,0,0,0,0,0,0,0,0,0,0,0,0,0,0,0,0,0,0,0,0,0,0,0,0,0,0,0,0,0,0,0,0,0,0,0,0,0,0,0,0,0,0,0,0,0,0,0,0,0,0,0,0,0,0,0,0,0,0,0,0,0,0,0,0,0,0,0,0,0,0,0,0,0,0,0,0,0,0,0,0,0,0,0,0
0,0,0,0,0,0,0,0,0,0,0,0,0,0,0,0,0,0,196,105,196,196,105,105,105,105,105,105,105,105,105,105,105,105,105,105,105,105,276,276,276,276,276,276,276,276,276,276,276,276,276,276,319,319,319,319,319,319,319,319,319,319,319,319,181,319,319,319,181,181,181,181,181,181,181,150,150,150,150,150,150,150,150,150,150,150,150,150,150,169,169,169,169,246,246,246,246,246,246,246,218,218,218,218,218,218,218,218,218,218,218,218,218,218,218,218,218,218,218,218,218,165,165,57,57,57,165,175,175,175,175,175,175,175,175,175,175,175,175,175,175,175,175,175,175,175,159,159,159,159,159,159,14,159,14,14,14,14,14,14,14,14,331,331,331,331,331,331,331,331,331,331,331,331,331,331,331,331,331,331,331,331,331,331,331,331,331,331,172,172,172,172,172,241,241,241,241,241,241,241,241,241,241,241,241,241,0,0,241,0,0,0,0,0,0,0,0,0,0,0,0,0,0,0,0,0,0,0,0,0,0,0,0,0,0,0,0,0,0,0,0,0,0,0,0,0,0,0,0,0,0,0,0,0,0,0,0,0,0,0,0,0,0,0,0,0,0,0,0,0,0,0,0,0,0,0,0,0,0,0,0,0,0,0,0,0,0,0,0,0,0,0,0,0,0,0,0,0,0,0,0,0,0,0
0,0,0,0,0,0,0,0,0,0,0,0,0,0,0,0,0,196,196,196,196,196,196,196,196,105,105,105,105,105,105,105,105,105,105,105,105,105,105,276,105,276,276,276,276,276,276,276,276,276,276,319,319,319,319,319,319,319,319,319,319,319,319,319,319,319,319,319,181,215,181,181,181,181,181,150,150,150,150,150,150,150,150,150,150,150,150,150,169,169,169,169,169,169,246,246,246,246,218,218,218,218,218,218,218,218,218,218,218,218,218,218,218,218,218,218,218,218,218,218,218,165,165,57,57,57,57,57,175,175,175,175,175,175,175,175,175,175,175,175,175,175,175,159,159,159,159,159,159,159,159,159,159,159,159,159,159,14,14,159,14,14,331,331,331,331,331,331,331,331,331,331,331,331,331,331,331,331,331,331,331,331,331,331,331,331,331,331,172,331,172,241,241,241,241,241,241,241,241,241,241,0,0,0,0,241,0,0,0,0,0,0,0,0,0,0,0,0,0,0,0,0,0,0,0,0,0,0,0,0,0,0,0,0,0,0,0,0,0,0,0,0,0,0,0,0,0,0,0,0,0,0,0,0,0,0,0,0,0,0,0,0,0,0,0,0,0,0,0,0,0,0,0,0,0,0,0,0,0,0,0,0,0,0,0,0,0,0,0,0,0,0,0,0,0,0,0,0,0,0,0,0,0,0
0,0,0,0,0,0,0,0,0,0,0,0,0,0,0,0,0,0,196,196,196,196,196,196,196,105,105,105,105,105,105,105,105,105,105,105,105,105,105,105,105,105,276,276,276,276,276,276,276,276,276,319,319,319,319,319,319,319,319,319,319,319,319,319,319,319,319,319,215,215,215,215,215,215,215,215,150,150,150,150,150,150,150,150,150,150,150,169,169,169,169,169,169,169,169,169,169,287,287,287,218,218,287,218,218,218,218,218,218,218,218,218,218,218,218,218,218,218,218,218,218,57,57,57,57,57,57,57,57,57,57,57,57,175,175,175,175,175,175,175,159,159,159,159,159,159,159,159,159,159,159,159,159,159,159,159,159,159,159,159,159,159,293,331,331,331,293,293,331,331,331,331,331,331,331,331,331,331,331,331,331,331,331,331,331,331,331,331,331,331,172,241,241,241,0,0,241,0,0,0,241,0,0,0,0,0,0,0,0,0,0,0,0,0,0,0,0,0,0,0,0,0,0,0,0,0,0,0,0,0,0,0,0,0,0,0,0,0,0,0,0,0,0,0,0,0,0,0,0,0,0,0,0,0,0,0,0,0,0,0,0,0,0,0,0,0,0,0,0,0,0,0,0,0,0,0,0,0,0,0,0,0,0,0,0,0,0,0,0,0,0,0,0,0,0,0,0,0,0,0,0,0,0,0
0,0,0,0,0,0,0,0,0,0,0,0,0,0,0,0,196,196,196,196,196,196,196,196,196,196,196,196,211,211,211,105,105,105,105,105,105,105,105,105,105,105,105,105,276,276,276,276,276,319,319,319,319,319,319,319,319,319,319,319,319,319,319,319,319,319,215,215,215,215,215,215,215,215,215,215,215,150,150,150,150,150,150,150,150,150,150,169,169,169,169,169,169,169,169,169,287,287,287,287,287,287,287,287,218,218,218,218,218,218,218,218,218,218,218,218,218,218,218,218,57,57,57,57,57,57,57,57,57,57,57,57,57,57,57,57,175,57,175,159,159,159,159,159,159,159,159,159,159,159,159,159,159,159,159,159,159,159,159,159,159,293,293,293,293,293,293,293,293,293,293,331,331,331,331,331,331,331,331,331,331,331,331,331,331,331,331,331,331,331,331,331,331,241,0,0,0,0,0,0,0,0,0,0,0,0,0,0,0,0,0,0,0,0,0,0,0,0,0,0,0,0,0,0,0,0,0,0,0,0,0,0,0,0,0,0,0,0,0,0,0,0,0,0,0,0,0,0,0,0,0,0,0,0,0,0,0,0,0,0,0,0,0,0,0,0,0,0,0,0,0,0,0,0,0,0,0,0,0,0,0,0,0,0,0,0,0,0,0,0,0,0,0,0,0,0,0,0,0,0,0,0,0,0
0,0,0,0,0,0,0,0,0,0,0,0,0,0,0,0,0,196,196,196,196,196,196,196,196,196,211,211,211,211,211,211,211,211,105,105,105,105,105,105,105,105,105,105,105,276,276,105,276,319,319,319,319,319,319,319,319,319,319,319,319,319,319,319,319,215,215,215,215,215,215,215,215,215,215,215,215,215,215,215,150,128,150,150,150,150,169,169,169,169,169,169,169,169,169,287,287,287,287,287,287,287,287,287,218,218,307,218,218,218,218,218,218,218,218,218,218,218,218,218,57,57,57,57,57,57,57,57,57,57,57,57,57,57,57,57,57,57,57,57,57,57,159,159,159,159,159,159,159,159,159,159,159,159,159,159,159,159,159,293,293,293,293,293,293,293,293,293,293,293,293,331,331,293,331,331,331,331,331,331,331,331,331,331,331,331,331,331,0,331,0,0,0,0,0,0,0,0,0,0,0,0,0,0,0,0,0,0,0,0,0,0,0,0,0,0,0,0,0,0,0,0,0,0,0,0,0,0,0,0,0,0,0,0,0,0,0,0,0,0,0,0,0,0,0,0,0,0,0,0,0,0,0,0,0,0,0,0,0,0,0,0,0,0,0,0,0,0,0,0,0,0,0,0,0,0,0,0,0,0,0,0,0,0,0,0,0,0,0,0,0,0,0,0,0,0,0,0,0,0,0,0,0,0
0,0,0,0,0,0,0,0,0,0,0,0,0,0,0,0,0,196,196,196,196,196,196,196,196,211,211,211,211,211,211,211,211,211,211,211,211,105,105,105,105,105,105,105,105,105,105,105,105,105,319,319,319,319,319,319,319,319,319,319,319,319,319,319,319,215,215,215,215,215,215,215,215,215,215,215,215,215,215,215,215,128,128,128,150,128,169,169,169,169,169,169,169,169,169,287,287,287,287,287,287,287,287,287,307,307,307,218,307,218,218,218,218,218,218,218,218,218,57,57,57,57,57,57,57,57,57,57,57,57,57,57,57,57,57,57,57,57,57,57,57,57,57,57,57,159,159,159,159,159,159,159,159,159,159,159,159,159,159,293,293,293,293,293,293,293,293,293,293,293,293,293,293,293,293,331,331,331,331,331,331,331,0,331,0,331,331,0,0,0,0,0,0,0,0,0,0,0,0,0,0,0,0,0,0,0,0,0,0,0,0,0,0,0,0,0,0,0,0,0,0,0,0,0,0,0,0,0,0,0,0,0,0,0,0,0,0,0,0,0,0,0,0,0,0,0,0,0,0,0,0,0,0,0,0,0,0,0,0,0,0,0,0,0,0,0,0,0,0,0,0,0,0,0,0,0,0,0,0,0,0,0,0,0,0,0,0,0,0,0,0,0,0,0,0,0,0,0,0,0,0,0,0,0
0,0,0,0,0,0,0,0,0,0,0,0,0,0,0,0,0,78,196,196,196,196,196,196,196,211,211,211,211,211,211,211,211,211,211,211,211,211,105,105,105,105,105,105,105,105,105,105,105,105,105,105,105,319,319,319,319,319,319,319,319,319,319,319,215,215,215,215,215,215,215,215,215,215,215,215,215,215,215,215,215,128,128,128,128,128,128,128,169,128,169,169,169,169,287,287,287,287,287,287,287,287,287,307,307,307,307,307,307,307,101,218,101,218,218,218,218,218,57,57,57,57,57,57,57,57,57,57,57,57,57,57,57,57,57,57,57,57,57,57,57,57,57,57,57,57,159,57,159,159,159,159,159,159,159,159,159,159,159,159,293,293,293,293,293,293,293,293,293,293,293,293,293,293,293,293,331,0,331,0,0,331,0,0,0,0,0,0,0,0,0,0,0,0,0,0,0,0,0,0,0,0,0,0,0,0,0,0,0,0,0,0,0,0,0,0,0,0,0,0,0,0,0,0,0,0,0,0,0,0,0,0,0,0,0,0,0,0,0,0,0,0,0,0,0,0,0,0,0,0,0,0,0,0,0,0,0,0,0,0,0,0,0,0,0,0,0,0,0,0,0,0,0,0,0,0,0,0,0,0,0,0,0,0,0,0,0,0,0,0,0,0,0,0,0,0,0,0,0,0,0,0,0,0
0,0,0,0,0,0,0,0,0,0,0,0,0,0,0,0,78,78,78,78,78,78,211,211,211,211,211,211,211,211,211,211,211,211,211,211,211,211,252,105,105,105,105,105,105,105,105,105,105,105,105,105,105,314,319,314,319,319,319,319,319,319,319,319,319,215,215,215,215,215,215,215,215,215,215,215,215,215,215,215,128,128,128,128,128,128,128,128,128,128,169,128,169,169,287,287,287,287,287,287,287,287,307,307,307,307,307,307,307,101,101,101,101,101,218,218,218,57,57,57,57,57,57,57,57,57,57,57,57,57,57,57,57,57,57,57,57,57,57,57,57,57,57,57,57,57,57,57,159,57,159,159,159,159,159,159,159,159,293,293,293,293,293,293,293,293,293,293,293,293,293,293,293,293,0,293,0,0,0,0,0,0,0,0,0,0,0,0,0,0,0,0,0,0,0,0,0,0,0,0,0,0,0,0,0,0,0,0,0,0,0,0,0,0,0,0,0,0,0,0,0,0,0,0,0,0,0,0,0,0,0,0,0,0,0,0,0,0,0,0,0,0,0,0,0,0,0,0,0,0,0,0,0,0,0,0,0,0,0,0,0,0,0,0,0,0,0,0,0,0,0,0,0,0,0,0,0,0,0,0,0,0,0,0,0,0,0,0,0,0,0,0,0,0,0,0,0,0,0,0,0,0,0,0
0,0,0,0,0,0,0,0,0,0,0,0,0,0,0,78,78,78,78,78,45,45,45,45,211,211,211,211,211,211,211,211,211,211,211,211,211,252,252,252,252,105,252,105,105,105,105,105,105,105,105,314,314,314,314,314,314,319,319,319,319,319,319,215,215,215,215,215,215,215,215,215,215,215,215,215,215,215,215,215,215,215,128,128,128,128,128,128,128,128,128,128,128,287,287,287,287,287,287,287,287,307,307,307,307,307,307,307,101,101,101,101,101,101,101,101,101,101,101,57,57,57,57,57,57,57,57,57,57,57,57,57,85,57,57,57,57,57,57,57,57,57,57,57,57,57,57,57,57,57,159,57,159,159,159,159,159,159,293,293,293,293,293,293,293,293,293,293,293,293,0,0,0,0,0,0,0,0,0,0,0,0,0,0,0,0,0,0,0,0,0,0,0,0,0,0,0,0,0,0,0,0,0,0,0,0,0,0,0,0,0,0,0,0,0,0,0,0,0,0,0,0,0,0,0,0,0,0,0,0,0,0,0,0,0,0,0,0,0,0,0,0,0,0,0,0,0,0,0,0,0,0,0,0,0,0,0,0,0,0,0,0,0,0,0,0,0,0,0,0,0,0,0,0,0,0,0,0,0,0,0,0,0,0,0,0,0,0,0,0,0,0,0,0,0,0,0,0,0,0,0,0,0,0
0,0,0,0,0,0,0,0,0,0,0,0,0,0,78,78,78,78,78,78,45,45,45,45,45,211,211,211,211,211,211,211,211,211,211,211,252,252,252,252,252,252,252,252,252,105,105,105,105,105,314,314,314,314,314,314,314,314,314,314,319,319,319,215,215,215,215,215,215,215,215,215,215,215,215,215,215,215,215,215,215,128,128,128,128,128,128,128,128,128,128,128,128,128,128,160,287,160,287,287,287,287,307,307,307,307,307,307,101,101,101,101,101,101,101,101,101,101,101,101,101,57,57,57,57,57,57,85,85,57,57,85,85,57,57,57,57,57,57,57,57,57,57,57,57,57,57,57,57,57,57,57,57,159,159,159,159,0,293,0,293,293,293,293,0,0,0,0,0,0,0,0,0,0,0,0,0,0,0,0,0,0,0,0,0,0,0,0,0,0,0,0,0,0,0,0,0,0,0,0,0,0,0,0,0,0,0,0,0,0,0,0,0,0,0,0,0,0,0,0,0,0,0,0,0,0,0,0,0,0,0,0,0,0,0,0,0,0,0,0,0,0,0,0,0,0,0,0,0,0,0,0,0,0,0,0,0,0,0,0,0,0,0,0,0,0,0,0,0,0,0,0,0,0,0,0,0,0,0,0,0,0,0,0,0,0,0,0,0,0,0,0,0,0,0,0,0,0,0,0,0,0,0,0
0,0,0,0,0,0,0,0,0,0,0,0,0,0,0,0,78,78,78,78,45,45,45,45,45,45,211,211,211,211,211,211,211,211,211,252,252,252,252,252,252,252,252,252,252,105,105,105,105,105,314,314,314,314,314,314,314,314,314,314,279,279,215,215,279,215,215,215,215,215,215,215,215,215,215,215,215,215,215,215,215,215,128,128,128,128,128,128,128,128,128,128,128,160,160,160,160,160,160,160,160,287,307,307,307,307,307,307,101,101,101,101,101,101,101,101,101,101,101,101,101,101,57,57,57,57,57,85,85,85,85,85,85,85,85,85,57,57,57,57,57,57,57,57,57,57,57,57,57,57,57,57,0,0,0,159,0,0,0,0,0,0,0,0,0,0,0,0,0,0,0,0,0,0,0,0,0,0,0,0,0,0,0,0,0,0,0,0,0,0,0,0,0,0,0,0,0,0,0,0,0,0,0,0,0,0,0,0,0,0,0,0,0,0,0,0,0,0,0,0,0,0,0,0,0,0,0,0,0,0,0,0,0,0,0,0,0,0,0,0,0,0,0,0,0,0,0,0,0,0,0,0,0,0,0,0,0,0,0,0,0,0,0,0,0,0,0,0,0,0,0,0,0,0,0,0,0,0,0,0,0,0,0,0,0,0,0,0,0,0,0,0,0,0,0,0,0,0,0,0,0,0,0,0
0,0,0,0,0,0,0,0,0,0,0,0,0,0,0,0,0,78,0,78,45,45,45,45,45,45,45,211,211,211,211,211,211,211,211,211,252,252,252,252,252,252,252,252,252,252,252,252,252,314,314,314,314,314,314,314,314,314,314,314,279,279,279,279,279,279,279,279,215,215,215,215,215,215,215,215,215,215,215,215,215,128,128,128,128,128,128,128,128,128,128,128,160,160,160,160,160,160,160,160,160,160,160,307,307,160,101,101,101,101,101,101,101,101,101,101,101,101,101,101,101,101,101,101,57,57,85,85,85,85,85,85,85,85,85,57,57,57,57,57,57,57,57,57,57,0,0,57,0,0,57,0,0,0,0,0,0,0,0,0,0,0,0,0,0,0,0,0,0,0,0,0,0,0,0,0,0,0,0,0,0,0,0,0,0,0,0,0,0,0,0,0,0,0,0,0,0,0,0,0,0,0,0,0,0,0,0,0,0,0,0,0,0,0,0,0,0,0,0,0,0,0,0,0,0,0,0,0,0,0,0,0,0,0,0,0,0,0,0,0,0,0,0,0,0,0,0,0,0,0,0,0,0,0,0,0,0,0,0,0,0,0,0,0,0,0,0,0,0,0,0,0,0,0,0,0,0,0,0,0,0,0,0,0,0,0,0,0,0,0,0,0,0,0,0,0,0,0,0,0,0,0,0,0
0,0,0,0,0,0,0,0,0,0,0,0,0,0,0,0,0,78,0,45,45,45,45,45,45,45,45,45,45,211,0,211,211,211,211,252,252,252,252,252,252,252,252,252,252,252,252,252,252,252,314,314,314,314,314,314,314,314,314,279,279,279,279,279,279,279,279,279,178,215,215,215,215,215,215,215,215,215,215,215,128,128,128,128,128,128,128,128,128,128,128,128,160,160,160,160,160,160,160,160,160,160,160,160,160,160,160,101,160,160,101,101,101,101,101,101,101,101,101,101,101,101,101,101,101,101,101,0,85,85,85,85,85,85,85,85,0,57,0,57,57,57,57,57,0,0,0,0,0,0,0,0,0,0,0,0,0,0,0,0,0,0,0,0,0,0,0,0,0,0,0,0,0,0,0,0,0,0,0,0,0,0,0,0,0,0,0,0,0,0,0,0,0,0,0,0,0,0,0,0,0,0,0,0,0,0,0,0,0,0,0,0,0,0,0,0,0,0,0,0,0,0,0,0,0,0,0,0,0,0,0,0,0,0,0,0,0,0,0,0,0,0,0,0,0,0,0,0,0,0,0,0,0,0,0,0,0,0,0,0,0,0,0,0,0,0,0,0,0,0,0,0,0,0,0,0,0,0,0,0,0,0,0,0,0,0,0,0,0,0,0,0,0,0,0,0,0,0,0,0,0,0,0,0
0,0,0,0,0,0,0,0,0,0,0,0,0,0,0,0,0,0,0,0,0,0,0,0,0,45,45,0,0,0,0,0,252,252,252,252,252,252,252,252,252,252,252,252,252,252,252,252,252,252,252,314,314,314,314,314,314,279,279,279,279,279,279,279,279,279,279,178,178,178,178,178,178,178,178,215,215,215,215,215,215,128,128,128,128,128,128,128,128,128,128,160,160,160,160,160,160,160,160,160,160,160,160,160,160,160,160,160,160,160,101,160,101,101,101,101,101,101,101,101,101,101,101,101,101,101,0,0,0,85,85,0,0,0,85,0,0,0,0,0,0,0,0,0,0,0,0,0,0,0,0,0,0,0,0,0,0,0,0,0,0,0,0,0,0,0,0,0,0,0,0,0,0,0,0,0,0,0,0,0,0,0,0,0,0,0,0,0,0,0,0,0,0,0,0,0,0,0,0,0,0,0,0,0,0,0,0,0,0,0,0,0,0,0,0,0,0,0,0,0,0,0,0,0,0,0,0,0,0,0,0,0,0,0,0,0,0,0,0,0,0,0,0,0,0,0,0,0,0,0,0,0,0,0,0,0,0,0,0,0,0,0,0,0,0,0,0,0,0,0,0,0,0,0,0,0,0,0,0,0,0,0,0,0,0,0,0,0,0,0,0,0,0,0,0,0,0,0,0,0,0,0,0,0
0,0,0,0,0,0,0,0,0,0,0,0,0,0,0,0,0,0,0,0,0,0,0,0,0,0,0,0,0,0,0,0,0,252,252,252,252,252,252,252,252,252,252,252,252,252,252,252,252,252,252,314,314,314,314,314,279,279,279,279,279,279,279,279,279,279,279,178,178,178,178,178,178,178,178,178,215,215,215,215,215,128,128,128,128,128,128,128,128,0,128,0,160,160,160,160,160,160,160,160,160,160,160,160,160,160,160,160,160,160,160,160,0,101,101,101,101,101,101,101,101,101,101,101,101,0,0,0,0,0,0,0,0,0,0,0,0,0,0,0,0,0,0,0,0,0,0,0,0,0,0,0,0,0,0,0,0,0,0,0,0,0,0,0,0,0,0,0,0,0,0,0,0,0,0,0,0,0,0,0,0,0,0,0,0,0,0,0,0,0,0,0,0,0,0,0,0,0,0,0,0,0,0,0,0,0,0,0,0,0,0,0,0,0,0,0,0,0,0,0,0,0,0,0,0,0,0,0,0,0,0,0,0,0,0,0,0,0,0,0,0,0,0,0,0,0,0,0,0,0,0,0,0,0,0,0,0,0,0,0,0,0,0,0,0,0,0,0,0,0,0,0,0,0,0,0,0,0,0,0,0,0,0,0,0,0,0,0,0,0,0,0,0,0,0,0,0,0,0,0,0,0,0,0
0,0,0,0,0,0,0,0,0,0,0,0,0,0,0,0,0,0,0,0,0,0,0,0,0,0,0,0,0,0,0,0,0,252,252,252,252,252,252,252,252,252,252,252,252,252,252,252,252,252,252,252,252,252,0,279,279,279,279,279,279,279,279,279,279,279,178,178,178,178,178,178,178,178,178,178,178,178,178,178,128,128,128,128,128,128,128,0,0,0,0,0,0,0,160,160,160,160,160,160,160,160,160,160,0,0,0,160,160,160,0,0,0,0,0,101,101,0,0,0,0,0,0,0,0,0,0,0,0,0,0,0,0,0,0,0,0,0,0,0,0,0,0,0,0,0,0,0,0,0,0,0,0,0,0,0,0,0,0,0,0,0,0,0,0,0,0,0,0,0,0,0,0,0,0,0,0,0,0,0,0,0,0,0,0,0,0,0,0,0,0,0,0,0,0,0,0,0,0,0,0,0,0,0,0,0,0,0,0,0,0,0,0,0,0,0,0,0,0,0,0,0,0,0,0,0,0,0,0,0,0,0,0,0,0,0,0,0,0,0,0,0,0,0,0,0,0,0,0,0,0,0,0,0,0,0,0,0,0,0,0,0,0,0,0,0,0,0,0,0,0,0,0,0,0,0,0,0,0,0,0,0,0,0,0,0,0,0,0,0,0,0,0,0,0,0,0,0,0,0,0,0,0,0
0,0,0,0,0,0,0,0,0,0,0,0,0,0,0,0,0,0,0,0,0,0,0,0,0,0,0,0,0,0,0,0,0,0,0,252,0,0,0,252,0,0,252,252,0,252,252,252,252,252,0,252,252,252,0,0,0,279,0,0,279,279,279,279,279,0,0,178,178,178,178,178,178,178,178,178,178,0,178,0,128,0,128,128,128,0,128,0,0,0,0,0,0,0,160,160,160,0,160,160,0,0,160,0,0,0,0,0,0,0,0,0,0,0,0,0,0,0,0,0,0,0,0,0,0,0,0,0,0,0,0,0,0,0,0,0,0,0,0,0,0,0,0,0,0,0,0,0,0,0,0,0,0,0,0,0,0,0,0,0,0,0,0,0,0,0,0,0,0,0,0,0,0,0,0,0,0,0,0,0,0,0,0,0,0,0,0,0,0,0,0,0,0,0,0,0,0,0,0,0,0,0,0,0,0,0,0,0,0,0,0,0,0,0,0,0,0,0,0,0,0,0,0,0,0,0,0,0,0,0,0,0,0,0,0,0,0,0,0,0,0,0,0,0,0,0,0,0,0,0,0,0,0,0,0,0,0,0,0,0,0,0,0,0,0,0,0,0,0,0,0,0,0,0,0,0,0,0,0,0,0,0,0,0,0,0,0,0,0,0,0,0,0,0,0,0,0,0,0,0,0,0,0,0
0,0,0,0,0,0,0,0,0,0,0,0,0,0,0,0,0,0,0,0,0,0,0,0,0,0,0,0,0,0,0,0,0,0,0,0,0,0,0,0,0,0,0,0,0,0,252,252,252,0,0,0,0,0,0,0,0,0,0,0,0,279,0,0,0,0,0,178,0,178,178,0,178,178,178,178,0,0,0,0,0,0,0,0,0,0,0,0,0,0,0,0,0,0,0,0,0,0,0,0,0,0,0,0,0,0,0,0,0,0,0,0,0,0,0,0,0,0,0,0,0,0,0,0,0,0,0,0,0,0,0,0,0,0,0,0,0,0,0,0,0,0,0,0,0,0,0,0,0,0,0,0,0,0,0,0,0,0,0,0,0,0,0,0,0,0,0,0,0,0,0,0,0,0,0,0,0,0,0,0,0,0,0,0,0,0,0,0,0,0,0,0,0,0,0,0,0,0,0,0,0,0,0,0,0,0,0,0,0,0,0,0,0,0,0,0,0,0,0,0,0,0,0,0,0,0,0,0,0,0,0,0,0,0,0,0,0,0,0,0,0,0,0,0,0,0,0,0,0,0,0,0,0,0,0,0,0,0,0,0,0,0,0,0,0,0,0,0,0,0,0,0,0,0,0,0,0,0,0,0,0,0,0,0,0,0,0,0,0,0,0,0,0,0,0,0,0,0,0,0,0,0,0,0
0,0,0,0,0,0,0,0,0,0,0,0,0,0,0,0,0,0,0,0,0,0,0,0,0,0,0,0,0,0,0,0,0,0,0,0,0,0,0,0,0,0,0,0,0,0,0,0,0,0,0,0,0,0,0,0,0,0,0,0,0,0,0,0,0,0,0,0,0,0,0,0,0,0,0,0,0,0,0,0,0,0,0,0,0,0,0,0,0,0,0,0,0,0,0,0,0,0,0,0,0,0,0,0,0,0,0,0,0,0,0,0,0,0,0,0,0,0,0,0,0,0,0,0,0,0,0,0,0,0,0,0,0,0,0,0,0,0,0,0,0,0,0,0,0,0,0,0,0,0,0,0,0,0,0,0,0,0,0,0,0,0,0,0,0,0,0,0,0,0,0,0,0,0,0,0,0,0,0,0,0,0,0,0,0,0,0,0,0,0,0,0,0,0,0,0,0,0,0,0,0,0,0,0,0,0,0,0,0,0,0,0,0,0,0,0,0,0,0,0,0,0,0,0,0,0,0,0,0,0,0,0,0,0,0,0,0,0,0,0,0,0,0,0,0,0,0,0,0,0,0,0,0,0,0,0,0,0,0,0,0,0,0,0,0,0,0,0,0,0,0,0,0,0,0,0,0,0,0,0,0,0,0,0,0,0,0,0,0,0,0,0,0,0,0,0,0,0,0,0,0,0,0,0
0,0,0,0,0,0,0,0,0,0,0,0,0,0,0,0,0,0,0,0,0,0,0,0,0,0,0,0,0,0,0,0,0,0,0,0,0,0,0,0,0,0,0,0,0,0,0,0,0,0,0,0,0,0,0,0,0,0,0,0,0,0,0,0,0,0,0,0,0,0,0,0,0,0,0,0,0,0,0,0,0,0,0,0,0,0,0,0,0,0,0,0,0,0,0,0,0,0,0,0,0,0,0,0,0,0,0,0,0,0,0,0,0,0,0,0,0,0,0,0,0,0,0,0,0,0,0,0,0,0,0,0,0,0,0,0,0,0,0,0,0,0,0,0,0,0,0,0,0,0,0,0,0,0,0,0,0,0,0,0,0,0,0,0,0,0,0,0,0,0,0,0,0,0,0,0,0,0,0,0,0,0,0,0,0,0,0,0,0,0,0,0,0,0,0,0,0,0,0,0,0,0,0,0,0,0,0,0,0,0,0,0,0,0,0,0,0,0,0,0,0,0,0,0,0,0,0,0,0,0,0,0,0,0,0,0,0,0,0,0,0,0,0,0,0,0,0,0,0,0,0,0,0,0,0,0,0,0,0,0,0,0,0,0,0,0,0,0,0,0,0,0,0,0,0,0,0,0,0,0,0,0,0,0,0,0,0,0,0,0,0,0,0,0,0,0,0,0,0,0,0,0,0,0
0,0,0,0,0,0,0,0,0,0,0,0,0,0,0,0,0,0,0,0,0,0,0,0,0,0,0,0,0,0,0,0,0,0,0,0,0,0,0,0,0,0,0,0,0,0,0,0,0,0,0,0,0,0,0,0,0,0,0,0,0,0,0,0,0,0,0,0,0,0,0,0,0,0,0,0,0,0,0,0,0,0,0,0,0,0,0,0,0,0,0,0,0,0,0,0,0,0,0,0,0,0,0,0,0,0,0,0,0,0,0,0,0,0,0,0,0,0,0,0,0,0,0,0,0,0,0,0,0,0,0,0,0,0,0,0,0,0,0,0,0,0,0,0,0,0,0,0,0,0,0,0,0,0,0,0,0,0,0,0,0,0,0,0,0,0,0,0,0,0,0,0,0,0,0,0,0,0,0,0,0,0,0,0,0,0,0,0,0,0,0,0,0,0,0,0,0,0,0,0,0,0,0,0,0,0,0,0,0,0,0,0,0,0,0,0,0,0,0,0,0,0,0,0,0,0,0,0,0,0,0,0,0,0,0,0,0,0,0,0,0,0,0,0,0,0,0,0,0,0,0,0,0,0,0,0,0,0,0,0,0,0,0,0,0,0,0,0,0,0,0,0,0,0,0,0,0,0,0,0,0,0,0,0,0,0,0,0,0,0,0,0,0,0,0,0,0,0,0,0,0,0,0,0
0,0,0,0,0,0,0,0,0,0,0,0,0,0,0,0,0,0,0,0,0,0,0,0,0,0,0,0,0,0,0,0,0,0,0,0,0,0,0,0,0,0,0,0,0,0,0,0,0,0,0,0,0,0,0,0,0,0,0,0,0,0,0,0,0,0,0,0,0,0,0,0,0,0,0,0,0,0,0,0,0,0,0,0,0,0,0,0,0,0,0,0,0,0,0,0,0,0,0,0,0,0,0,0,0,0,0,0,0,0,0,0,0,0,0,0,0,0,0,0,0,0,0,0,0,0,0,0,0,0,0,0,0,0,0,0,0,0,0,0,0,0,0,0,0,0,0,0,0,0,0,0,0,0,0,0,0,0,0,0,0,0,0,0,0,0,0,0,0,0,0,0,0,0,0,0,0,0,0,0,0,0,0,0,0,0,0,0,0,0,0,0,0,0,0,0,0,0,0,0,0,0,0,0,0,0,0,0,0,0,0,0,0,0,0,0,0,0,0,0,0,0,0,0,0,0,0,0,0,0,0,0,0,0,0,0,0,0,0,0,0,0,0,0,0,0,0,0,0,0,0,0,0,0,0,0,0,0,0,0,0,0,0,0,0,0,0,0,0,0,0,0,0,0,0,0,0,0,0,0,0,0,0,0,0,0,0,0,0,0,0,0,0,0,0,0,0,0,0,0,0,0,0,0
